remote_ratio,years_experience,certifications_count,weekly_hours,salary_usd,,,,,,,,,,
0,14.4,0,48,23844,,,,,,,,,,
50,7.6,1,41.6,170132,,,,,,,,,,
0,0,1,55.1,83059,,,,,,,,,,
100,9.7,2,41.1,29531,,SUMMARY OUTPUT,,,,,,,,
0,3.2,2,48.2,70105,,,,,,,,,,
100,11.6,1,54.6,97827,,Regression Statistics,,,,,,,,
0,9.8,1,48.4,120062,,Multiple R,0.467856016,,,,,,,
0,1.4,3,49.8,64165,,R Square,0.218889252,,,,,,,
0,2.2,3,36.1,112968,,Adjusted R Square,0.218263738,,,,,,,
0,2.8,2,44.8,26464,,Standard Error,48955.24679,,,,,,,
0,9.5,0,47.5,188326,,Observations,5000,,,,,,,
0,6.6,1,47.6,112063,,,,,,,,,,
100,14.1,1,51.3,60087,,ANOVA,,,,,,,,
50,4,1,43.3,75169,,,df,SS,MS,F,Significance F,,,
50,6.9,1,42.5,123386,,Regression,4,3.35464E+12,8.3866E+11,349.934953,0.00,,,
0,1.5,2,36.3,61792,,Residual,4995,1.19711E+13,2396616188,,,,,
0,0.1,2,38.3,121126,,Total,4999,1.53257E+13,,,,,,
50,9,3,49.5,127602,,,,,,,,,,
0,2.8,0,43.6,24899,,,Coefficients,Standard Error,t Stat,P-value,Lower 95%,Upper 95%,Lower 95.0%,Upper 95.0%
50,4.6,1,42.8,29902,,Intercept,46582.45965,5146.270012,9.051693662,0.00,36493.51108,56671.40822,36493.51108,56671.40822
100,9.1,3,44.4,267112,,remote_ratio,47.95922087,16.70411667,2.871101886,0.004107643,15.21181864,80.70662311,15.21181864,80.70662311
50,6.3,0,32.6,95682,,years_experience,5298.420557,152.1598188,34.82141737,0.00,5000.12051,5596.720604,5000.12051,5596.720604
50,4.6,1,34.9,32162,,certifications_count,301.0948836,527.5474565,0.570744641,0.568198428,-733.1297386,1335.319506,-733.1297386,1335.319506
100,1.1,1,42.9,24840,,weekly_hours,115.148913,116.7588792,0.986211188,0.324077258,-113.7497506,344.0475766,-113.7497506,344.0475766
100,0.1,0,37.1,128115,,,,,,,,,,
50,11.4,0,51.6,47620,,,,,,,,,,
100,3.9,2,56.8,47829,,,,,,,,,,
100,15.9,3,47.8,221527,,,,,,,,,,
100,3.3,1,44.4,95058,,,,,,,,,,
0,10.1,2,41.2,93560,,,,,,,,,,
50,6.5,3,41.2,49555,,,,,,,,,,
50,11.2,3,48.8,30459,,,,,,,,,,
0,11.2,4,56.3,39008,,,,,,,,,,
0,6.2,2,40.2,24260,,,,,,,,,,
50,0.1,4,46.9,113587,,,,,,,,,,
50,0.3,1,44.5,63639,,,,,,,,,,
0,7.2,0,41.2,38694,,,,,,,,,,
100,11.3,4,38.5,45726,,,,,,,,,,
0,6.3,3,47.2,45653,,,,,,,,,,
100,15,2,43.3,139305,,,,,,,,,,
100,5.8,1,47.6,53183,,,,,,,,,,
100,17.3,4,36.5,76753,,,,,,,,,,
100,14,1,41.4,135285,,,,,,,,,,
50,3,4,42.2,34110,,,,,,,,,,
0,11.4,3,53,172487,,,,,,,,,,
100,11.3,4,50.7,69827,,,,,,,,,,
100,5.6,2,45.3,91428,,,,,,,,,,
0,6.5,0,43.5,20358,,,,,,,,,,
0,7.2,0,57,47335,,,,,,,,,,
100,10.1,2,42.3,151394,,,,,,,,,,
0,10.3,2,46.9,195720,,,,,,,,,,
0,0.7,2,41.5,29965,,,,,,,,,,
0,12.5,2,48.8,276910,,,,,,,,,,
0,0.4,1,53.3,104896,,,,,,,,,,
0,5.8,2,49.8,83238,,,,,,,,,,
100,9.5,3,42.4,38007,,,,,,,,,,
0,4.2,1,46.1,169730,,,,,,,,,,
0,14.7,1,44.8,179645,,,,,,,,,,
0,5.3,2,41.8,120239,,,,,,,,,,
100,9.6,1,59.8,60384,,,,,,,,,,
100,11.8,2,45.5,245491,,,,,,,,,,
0,11.7,3,45.9,84140,,,,,,,,,,
100,7.9,2,52.4,99236,,,,,,,,,,
100,3,1,42.9,20350,,,,,,,,,,
0,10,1,52.6,97474,,,,,,,,,,
50,7.4,2,43.5,81977,,,,,,,,,,
100,16.6,2,44.1,197149,,,,,,,,,,
100,16.2,3,51.8,179885,,,,,,,,,,
50,12.8,1,51.2,49581,,,,,,,,,,
100,16.8,1,49.6,145188,,,,,,,,,,
50,3.9,1,32.7,48644,,,,,,,,,,
100,10.6,3,40.3,128061,,,,,,,,,,
100,9.1,1,42.8,103751,,,,,,,,,,
100,1.8,2,48.4,47457,,,,,,,,,,
50,1.7,3,44,36703,,,,,,,,,,
0,3.9,0,42.3,84722,,,,,,,,,,
50,1.4,4,50,20211,,,,,,,,,,
0,20.7,2,57.1,204902,,,,,,,,,,
0,4.6,1,46.6,94426,,,,,,,,,,
0,12,0,46.1,213117,,,,,,,,,,
100,17.8,1,41.6,191241,,,,,,,,,,
0,3.9,1,53.2,47234,,,,,,,,,,
50,7.4,4,36.1,90333,,,,,,,,,,
50,9.9,2,47.9,67204,,,,,,,,,,
0,6.6,1,46.7,88207,,,,,,,,,,
0,1.9,0,45.7,85637,,,,,,,,,,
0,3.9,2,54.9,63446,,,,,,,,,,
50,3.6,3,34.9,92547,,,,,,,,,,
100,8.5,4,49.5,169313,,,,,,,,,,
0,7.1,1,39.7,74355,,,,,,,,,,
100,12.9,1,48.9,207529,,,,,,,,,,
100,12.4,6,48.1,29779,,,,,,,,,,
100,7,1,38.2,89600,,,,,,,,,,
50,13.1,1,39,87299,,,,,,,,,,
0,12,1,46.5,124075,,,,,,,,,,
50,9.2,2,44.9,132418,,,,,,,,,,
50,20.4,1,38.9,214002,,,,,,,,,,
100,8.6,3,49.1,223581,,,,,,,,,,
100,8.5,2,43.7,28979,,,,,,,,,,
50,6.1,0,40.3,203974,,,,,,,,,,
0,2.5,1,44.7,93722,,,,,,,,,,
50,9.3,1,48.3,109063,,,,,,,,,,
50,1.3,1,51.1,79514,,,,,,,,,,
50,2.8,2,44.9,61316,,,,,,,,,,
50,7.2,2,50.6,149355,,,,,,,,,,
0,16.2,2,45.4,138798,,,,,,,,,,
50,10.5,1,39.4,135891,,,,,,,,,,
50,14.6,3,46.2,138564,,,,,,,,,,
0,5.8,3,44,108545,,,,,,,,,,
100,7.3,1,48.1,35134,,,,,,,,,,
50,6.3,2,28.6,135653,,,,,,,,,,
0,3.8,1,48.2,119243,,,,,,,,,,
50,3.5,0,32.1,92945,,,,,,,,,,
100,6.9,3,37.5,106852,,,,,,,,,,
100,15,3,45.1,30671,,,,,,,,,,
100,5.1,2,45.7,29270,,,,,,,,,,
0,4.4,1,45.9,179175,,,,,,,,,,
100,21.1,2,44.2,271576,,,,,,,,,,
50,16.5,0,53.4,71853,,,,,,,,,,
0,2.8,1,49.1,69077,,,,,,,,,,
0,9.9,4,40,169616,,,,,,,,,,
50,14.9,2,46.9,114968,,,,,,,,,,
0,5.2,1,42.5,26394,,,,,,,,,,
50,4.9,1,41.3,44028,,,,,,,,,,
100,10.6,0,42.3,129356,,,,,,,,,,
50,12.6,3,43.5,41160,,,,,,,,,,
0,17.5,1,52.1,142928,,,,,,,,,,
0,5.4,3,49.5,33669,,,,,,,,,,
0,1.7,2,39.4,75346,,,,,,,,,,
0,18.1,5,46.4,200635,,,,,,,,,,
100,6.4,1,41.2,104928,,,,,,,,,,
100,8.5,3,50.4,103017,,,,,,,,,,
50,11.1,3,40.7,48800,,,,,,,,,,
0,9.2,3,44.8,77799,,,,,,,,,,
50,4.5,1,45.5,76052,,,,,,,,,,
50,6.4,1,49.1,102866,,,,,,,,,,
0,1.8,2,40.7,67582,,,,,,,,,,
0,3.9,3,40.7,35214,,,,,,,,,,
0,13.9,4,51.3,86670,,,,,,,,,,
100,0,2,38.5,86499,,,,,,,,,,
0,5.1,2,48.8,32018,,,,,,,,,,
0,5.5,1,50,115620,,,,,,,,,,
100,12.7,3,46.2,48918,,,,,,,,,,
0,11.4,1,42.3,37999,,,,,,,,,,
0,10.2,2,35.9,200533,,,,,,,,,,
100,13,1,42.3,123417,,,,,,,,,,
50,7.1,1,46.3,90938,,,,,,,,,,
100,11.6,2,42.8,159096,,,,,,,,,,
50,3,2,40.2,72876,,,,,,,,,,
50,0,0,47.5,38828,,,,,,,,,,
0,18,1,49.7,58467,,,,,,,,,,
50,7.3,3,50.9,59938,,,,,,,,,,
50,8.4,3,46.9,70773,,,,,,,,,,
100,1.9,3,33.7,23692,,,,,,,,,,
50,5.9,0,49.5,108544,,,,,,,,,,
0,15.2,2,49.8,252553,,,,,,,,,,
0,12.9,3,45.4,116029,,,,,,,,,,
0,13.3,1,39,113012,,,,,,,,,,
100,2.5,5,53,113414,,,,,,,,,,
0,11.1,1,39.3,175747,,,,,,,,,,
50,9.4,3,35.1,193930,,,,,,,,,,
0,3,0,35.2,70399,,,,,,,,,,
100,11,1,43.6,139871,,,,,,,,,,
100,4.4,2,33.9,116668,,,,,,,,,,
0,2.5,1,34.5,54863,,,,,,,,,,
100,3.5,1,48.2,32012,,,,,,,,,,
0,11.4,0,48.7,174420,,,,,,,,,,
50,11.9,2,38,56120,,,,,,,,,,
100,15.9,2,53.8,117747,,,,,,,,,,
100,5.1,4,48.8,54647,,,,,,,,,,
100,8,3,31.6,89087,,,,,,,,,,
100,16.5,2,45.6,162009,,,,,,,,,,
50,4.5,1,45.2,53807,,,,,,,,,,
50,10.8,4,40.3,123185,,,,,,,,,,
100,3.7,1,42.5,77198,,,,,,,,,,
50,13.6,2,47.1,89867,,,,,,,,,,
0,11.5,4,36.6,32998,,,,,,,,,,
50,9.9,0,42.8,90352,,,,,,,,,,
50,7.3,1,34.7,171331,,,,,,,,,,
100,12.2,6,44.4,128137,,,,,,,,,,
50,13.5,2,48.3,93654,,,,,,,,,,
100,9.3,2,52.3,131889,,,,,,,,,,
100,14,2,50.2,98759,,,,,,,,,,
100,7.9,1,37.7,46758,,,,,,,,,,
100,7.1,1,49.3,142322,,,,,,,,,,
50,7.7,1,42.4,200099,,,,,,,,,,
50,9.6,2,47.9,152774,,,,,,,,,,
0,2.7,2,47,136984,,,,,,,,,,
100,9.6,3,44.6,109824,,,,,,,,,,
50,3.4,2,37.6,120754,,,,,,,,,,
0,6.8,1,46.9,71655,,,,,,,,,,
50,7.7,3,39.3,73110,,,,,,,,,,
0,13.2,1,58.3,99284,,,,,,,,,,
50,8.1,1,38.6,191504,,,,,,,,,,
0,13.7,1,48.7,124020,,,,,,,,,,
100,11.4,1,40.4,143578,,,,,,,,,,
0,11.5,2,35.6,85876,,,,,,,,,,
100,9.2,2,48.1,118003,,,,,,,,,,
50,12.1,1,48.9,168344,,,,,,,,,,
100,9.9,3,47.2,82319,,,,,,,,,,
0,11.9,2,46.2,129374,,,,,,,,,,
0,0,4,42.3,80351,,,,,,,,,,
0,4.8,2,41.4,68986,,,,,,,,,,
100,5.2,3,41.6,86313,,,,,,,,,,
0,18,2,55.8,199983,,,,,,,,,,
0,7.9,1,41.4,105797,,,,,,,,,,
0,8.9,3,40.5,89996,,,,,,,,,,
100,9,4,41.2,83151,,,,,,,,,,
50,19.7,2,52.5,129131,,,,,,,,,,
0,17.5,4,53.4,112737,,,,,,,,,,
0,12.2,2,38.9,115493,,,,,,,,,,
100,20.1,5,53.6,248279,,,,,,,,,,
50,4.9,2,40.2,50453,,,,,,,,,,
100,3.2,1,42.8,71959,,,,,,,,,,
50,13.4,4,44.8,159581,,,,,,,,,,
100,7.2,2,43,84920,,,,,,,,,,
50,12.7,5,46.8,59551,,,,,,,,,,
100,15.3,1,43,162219,,,,,,,,,,
0,3.1,4,42.8,84695,,,,,,,,,,
0,9,1,40.9,104276,,,,,,,,,,
100,10.6,2,49.6,34051,,,,,,,,,,
50,12.1,1,38.2,191242,,,,,,,,,,
0,8.7,3,33.8,171769,,,,,,,,,,
0,8.6,0,44.3,63664,,,,,,,,,,
100,6,0,47.3,79924,,,,,,,,,,
100,8.8,5,50.2,25651,,,,,,,,,,
0,13.7,1,48.7,173691,,,,,,,,,,
0,16.1,1,40.8,287379,,,,,,,,,,
50,4.9,3,31.8,61391,,,,,,,,,,
0,6.6,2,55.1,106229,,,,,,,,,,
0,7.9,1,44.6,67596,,,,,,,,,,
100,10.9,3,48.5,124378,,,,,,,,,,
100,7.8,2,48.9,107648,,,,,,,,,,
100,2.4,1,55.5,87894,,,,,,,,,,
100,15.3,2,41.8,294039,,,,,,,,,,
0,6.9,0,47.1,39092,,,,,,,,,,
0,8.5,4,37.9,98356,,,,,,,,,,
50,10.3,3,42.6,165260,,,,,,,,,,
50,5.2,1,45.7,111592,,,,,,,,,,
100,8.7,1,45.5,136452,,,,,,,,,,
0,9,2,47.1,38724,,,,,,,,,,
50,16,2,44.9,59829,,,,,,,,,,
50,11.1,3,28,76444,,,,,,,,,,
0,21.8,1,39.7,155656,,,,,,,,,,
50,3.9,3,38.8,80527,,,,,,,,,,
100,10.9,1,33.6,191317,,,,,,,,,,
50,6.1,0,40.3,86436,,,,,,,,,,
0,9.6,2,44.7,102780,,,,,,,,,,
100,8.1,2,45.3,158371,,,,,,,,,,
100,7.5,0,36.2,88757,,,,,,,,,,
0,8.3,3,42.3,100883,,,,,,,,,,
100,5.5,1,56.3,85389,,,,,,,,,,
50,11.3,5,45.2,37925,,,,,,,,,,
50,3.7,4,37.5,89847,,,,,,,,,,
100,6.4,2,50.3,35557,,,,,,,,,,
0,7.3,1,50.4,81870,,,,,,,,,,
0,8,1,40.8,57626,,,,,,,,,,
0,7.8,0,39.2,27155,,,,,,,,,,
100,8.2,3,40.3,88666,,,,,,,,,,
0,7.6,0,49.2,134137,,,,,,,,,,
0,4.8,2,35.8,94038,,,,,,,,,,
0,4,2,50.6,63044,,,,,,,,,,
100,12.6,2,45.8,168110,,,,,,,,,,
50,17.3,5,54.5,159344,,,,,,,,,,
50,11.5,2,46.5,110921,,,,,,,,,,
0,16.4,3,49.2,35082,,,,,,,,,,
0,5.5,4,43.4,123908,,,,,,,,,,
100,13.9,2,44,77963,,,,,,,,,,
0,3,1,43.1,47418,,,,,,,,,,
100,20.3,4,50.2,248762,,,,,,,,,,
0,16.3,3,57.5,218179,,,,,,,,,,
100,15.7,2,45.2,251611,,,,,,,,,,
100,3.9,1,34.5,117448,,,,,,,,,,
100,3,0,38.7,77655,,,,,,,,,,
50,14.1,3,41.9,141413,,,,,,,,,,
100,0.2,1,46.5,81352,,,,,,,,,,
100,12.9,2,49,145225,,,,,,,,,,
100,3.3,1,37.7,57960,,,,,,,,,,
0,0,1,44.7,12000,,,,,,,,,,
0,6.5,0,39.7,116273,,,,,,,,,,
50,4.1,5,45.8,59382,,,,,,,,,,
100,5.8,1,35.6,98756,,,,,,,,,,
100,7.8,3,36.3,19188,,,,,,,,,,
50,2.9,3,41.4,97795,,,,,,,,,,
100,2,3,45.2,63754,,,,,,,,,,
0,10.9,1,39.1,19740,,,,,,,,,,
100,11,3,38.6,34741,,,,,,,,,,
50,13.4,1,49.4,140561,,,,,,,,,,
0,11.9,5,46.6,244396,,,,,,,,,,
100,11.6,2,46.1,77053,,,,,,,,,,
0,21.1,4,41.4,173856,,,,,,,,,,
0,13.9,1,44.7,179934,,,,,,,,,,
0,7.2,3,47.1,171885,,,,,,,,,,
100,12.8,2,49.4,110550,,,,,,,,,,
50,10,1,52.7,90678,,,,,,,,,,
100,1.9,1,46.5,81743,,,,,,,,,,
0,13.2,0,35.2,186121,,,,,,,,,,
0,10.8,3,55.4,105687,,,,,,,,,,
50,18.3,3,50.2,50857,,,,,,,,,,
0,3.6,5,31.3,87121,,,,,,,,,,
0,5,2,34.7,43479,,,,,,,,,,
50,0.5,1,38.2,58237,,,,,,,,,,
0,11,3,46.2,117831,,,,,,,,,,
0,1.2,2,39.6,147894,,,,,,,,,,
50,7.8,4,41.7,72327,,,,,,,,,,
100,15.7,3,44,53135,,,,,,,,,,
0,16.7,1,37.9,136569,,,,,,,,,,
0,1.1,0,47.7,20945,,,,,,,,,,
0,12.9,1,50.7,153611,,,,,,,,,,
50,10,0,40.7,147998,,,,,,,,,,
50,5.3,1,46.4,42663,,,,,,,,,,
100,5.5,1,44.3,78368,,,,,,,,,,
100,11,2,49.3,105327,,,,,,,,,,
100,6.4,1,42.1,87456,,,,,,,,,,
50,8.8,2,50.7,123800,,,,,,,,,,
50,14,0,50,51523,,,,,,,,,,
100,1.3,0,41.7,77915,,,,,,,,,,
100,17.9,3,38.1,132409,,,,,,,,,,
0,10.7,0,41.7,118772,,,,,,,,,,
0,18.9,3,53.1,190984,,,,,,,,,,
0,7.1,3,44.4,145544,,,,,,,,,,
0,8,1,38.4,199191,,,,,,,,,,
100,14.4,1,51.1,117763,,,,,,,,,,
50,5.7,0,43.8,124471,,,,,,,,,,
0,12,2,38.4,69156,,,,,,,,,,
0,2,1,37.6,67880,,,,,,,,,,
100,9.3,2,38.7,166045,,,,,,,,,,
100,8.5,2,42.8,146933,,,,,,,,,,
0,18.1,2,50.8,142637,,,,,,,,,,
0,4,0,46.8,37125,,,,,,,,,,
50,12,1,49.2,95126,,,,,,,,,,
0,3,3,40.7,23746,,,,,,,,,,
50,8.4,2,46.7,91376,,,,,,,,,,
50,9.9,2,34.1,176104,,,,,,,,,,
50,3.8,2,48,38261,,,,,,,,,,
0,7.3,3,39.8,83125,,,,,,,,,,
50,10.8,1,40.4,127952,,,,,,,,,,
50,12.2,2,54.5,88841,,,,,,,,,,
100,10.9,2,51.3,133182,,,,,,,,,,
50,0.7,1,48.7,77924,,,,,,,,,,
100,15.2,1,47.5,124586,,,,,,,,,,
50,7,2,37.3,32755,,,,,,,,,,
50,3.8,0,45.3,18359,,,,,,,,,,
100,9.4,2,47.9,166612,,,,,,,,,,
50,12.3,3,43.9,110902,,,,,,,,,,
100,1.6,2,37,35265,,,,,,,,,,
50,13,0,42.7,189088,,,,,,,,,,
0,7.5,1,37.9,51347,,,,,,,,,,
50,4.4,1,38.5,44932,,,,,,,,,,
50,10.2,2,49.9,117271,,,,,,,,,,
50,6.6,3,41.1,48600,,,,,,,,,,
100,13.5,2,47.8,161238,,,,,,,,,,
0,16.1,3,38.1,103999,,,,,,,,,,
100,0.6,0,40,81276,,,,,,,,,,
50,7,0,36.1,68191,,,,,,,,,,
50,10.9,0,42.6,81014,,,,,,,,,,
50,9.1,3,45.4,105349,,,,,,,,,,
0,2.7,1,44.6,21679,,,,,,,,,,
0,5.1,1,47.2,102139,,,,,,,,,,
100,10.3,2,52.6,214667,,,,,,,,,,
0,13,3,41.2,142925,,,,,,,,,,
0,11.3,2,39.7,97739,,,,,,,,,,
50,18.4,3,50,273649,,,,,,,,,,
100,8.4,3,40.1,118810,,,,,,,,,,
0,10.6,1,52.2,82781,,,,,,,,,,
100,14.8,2,50.8,114671,,,,,,,,,,
0,7.7,1,36.1,26035,,,,,,,,,,
50,15.6,2,42.8,89220,,,,,,,,,,
50,5.9,1,38.9,95937,,,,,,,,,,
100,6.9,3,43.1,62933,,,,,,,,,,
100,7,3,44.4,36253,,,,,,,,,,
100,2.5,2,33.2,56448,,,,,,,,,,
100,9.7,4,39.2,102834,,,,,,,,,,
0,11,2,43.1,134861,,,,,,,,,,
0,10.7,1,52.5,138222,,,,,,,,,,
50,15.5,0,37.5,49010,,,,,,,,,,
100,1.8,2,44.1,79061,,,,,,,,,,
50,15,3,45.7,77554,,,,,,,,,,
0,9.7,3,47.9,56226,,,,,,,,,,
100,13.1,0,42.7,156592,,,,,,,,,,
50,1,1,45.8,53180,,,,,,,,,,
0,10.6,2,44.6,57588,,,,,,,,,,
100,6.8,0,38.2,114203,,,,,,,,,,
50,1.6,2,37.8,26543,,,,,,,,,,
0,11.4,1,42,75310,,,,,,,,,,
50,9.5,3,52.4,43750,,,,,,,,,,
100,17.1,2,48.9,78013,,,,,,,,,,
100,21.5,6,45.7,128248,,,,,,,,,,
100,3,0,45.2,90272,,,,,,,,,,
0,5.7,0,37.4,51318,,,,,,,,,,
50,7.1,3,43,87072,,,,,,,,,,
100,16.4,4,50.7,64198,,,,,,,,,,
0,16.1,4,45.5,105224,,,,,,,,,,
100,4.9,4,63.5,94276,,,,,,,,,,
0,7.4,2,53.9,33912,,,,,,,,,,
50,8.3,0,43.8,65966,,,,,,,,,,
0,13.2,3,56.8,123887,,,,,,,,,,
0,8.1,0,45,205828,,,,,,,,,,
100,8.4,2,48.4,43652,,,,,,,,,,
50,5.8,1,52.4,38326,,,,,,,,,,
50,7.1,2,29,54008,,,,,,,,,,
100,16.9,2,55.5,111671,,,,,,,,,,
100,2.5,2,41.1,25703,,,,,,,,,,
0,0.8,1,41,89544,,,,,,,,,,
0,13.8,3,51.3,262015,,,,,,,,,,
50,11.2,3,42.7,48276,,,,,,,,,,
50,1.9,2,38.5,84125,,,,,,,,,,
0,1.1,0,46.2,24112,,,,,,,,,,
0,15.9,2,52.2,47511,,,,,,,,,,
100,11.9,0,43.2,102529,,,,,,,,,,
50,12.2,2,54.8,154690,,,,,,,,,,
100,13.3,1,41.9,104212,,,,,,,,,,
0,1.8,4,49.4,19068,,,,,,,,,,
50,3.9,1,42.9,38017,,,,,,,,,,
0,9,2,34.9,110918,,,,,,,,,,
100,5.6,1,49.5,69009,,,,,,,,,,
0,5.5,1,29.2,100484,,,,,,,,,,
100,15.5,1,49.8,183769,,,,,,,,,,
0,10,1,51.7,118269,,,,,,,,,,
0,11.8,5,55.4,199199,,,,,,,,,,
100,4.6,1,35.3,34430,,,,,,,,,,
50,11.1,4,38.8,229868,,,,,,,,,,
0,5.9,1,59.2,115173,,,,,,,,,,
50,8.7,3,50.7,247660,,,,,,,,,,
0,10.4,1,50.3,98396,,,,,,,,,,
50,6.5,3,35,66028,,,,,,,,,,
0,12.1,1,45.2,129182,,,,,,,,,,
50,11.6,1,37.6,118101,,,,,,,,,,
0,8.5,2,40,29110,,,,,,,,,,
50,4.7,0,41.2,117362,,,,,,,,,,
100,2.9,0,52.7,69353,,,,,,,,,,
0,4.8,3,45.2,51420,,,,,,,,,,
0,14.7,4,47.4,78333,,,,,,,,,,
0,2.3,1,41.7,38164,,,,,,,,,,
0,4,1,46.5,77764,,,,,,,,,,
50,4.6,1,46.2,66952,,,,,,,,,,
100,0,1,46.8,47306,,,,,,,,,,
0,6.2,1,54.6,125613,,,,,,,,,,
0,1.5,0,45.3,84987,,,,,,,,,,
50,3.7,0,43.4,123774,,,,,,,,,,
50,8.6,1,46,112758,,,,,,,,,,
0,8.4,2,41.3,121578,,,,,,,,,,
50,9,0,50.6,139681,,,,,,,,,,
0,2.1,0,39,66784,,,,,,,,,,
100,14.6,0,47.5,92455,,,,,,,,,,
100,14.1,1,45,71832,,,,,,,,,,
0,2.4,1,33.8,83088,,,,,,,,,,
0,8.7,4,49.8,131388,,,,,,,,,,
0,17.4,0,47.7,53853,,,,,,,,,,
100,15.6,3,49.1,172265,,,,,,,,,,
100,4.5,1,38.1,140904,,,,,,,,,,
0,2,2,36.2,52398,,,,,,,,,,
100,12.3,1,43.1,131491,,,,,,,,,,
0,6.5,1,42,108387,,,,,,,,,,
100,14.6,5,36.7,160174,,,,,,,,,,
100,6.5,1,48.5,208082,,,,,,,,,,
0,12,4,41.3,101308,,,,,,,,,,
50,14.9,4,48.7,300823,,,,,,,,,,
0,13.1,2,49.9,138533,,,,,,,,,,
100,22.8,0,39.8,179953,,,,,,,,,,
100,6.2,1,38.1,66994,,,,,,,,,,
100,8.1,1,45.5,164259,,,,,,,,,,
100,2.1,1,51.8,24515,,,,,,,,,,
50,14.4,6,39.5,49077,,,,,,,,,,
0,13.4,1,44.4,50230,,,,,,,,,,
50,10.8,4,50.9,193039,,,,,,,,,,
50,6.4,3,42.7,24143,,,,,,,,,,
50,5.9,2,52.9,95509,,,,,,,,,,
50,2.3,3,49,52468,,,,,,,,,,
50,13.5,1,35.5,66592,,,,,,,,,,
100,7.6,1,49.7,158458,,,,,,,,,,
0,3.4,4,41.3,123618,,,,,,,,,,
100,7,2,39.3,23236,,,,,,,,,,
0,3.6,2,51.3,102924,,,,,,,,,,
50,11.4,0,38.6,181873,,,,,,,,,,
100,9,2,30.8,40418,,,,,,,,,,
50,1.1,1,43.2,86480,,,,,,,,,,
0,6.1,1,37,82605,,,,,,,,,,
100,0.9,1,36.7,60461,,,,,,,,,,
50,11.6,2,35.4,239006,,,,,,,,,,
100,7.3,2,46,39695,,,,,,,,,,
100,5.2,0,39.9,81937,,,,,,,,,,
0,3.3,3,44.5,17091,,,,,,,,,,
100,9.1,1,34.8,84338,,,,,,,,,,
0,21.9,3,44.3,47518,,,,,,,,,,
50,6,4,36.1,105743,,,,,,,,,,
100,17.6,4,42.7,47108,,,,,,,,,,
50,7.4,1,40.8,94314,,,,,,,,,,
0,13.9,2,45.5,39153,,,,,,,,,,
100,8,0,38.9,99074,,,,,,,,,,
50,4.2,1,43.7,50111,,,,,,,,,,
50,0.2,0,44.7,156037,,,,,,,,,,
0,3.8,0,49.1,136837,,,,,,,,,,
50,11.6,1,53.9,62030,,,,,,,,,,
0,0.5,0,38.5,22590,,,,,,,,,,
100,10.6,2,38.1,199236,,,,,,,,,,
100,11.4,2,41.1,119421,,,,,,,,,,
50,11.6,3,46.3,73422,,,,,,,,,,
50,0,1,50.3,41933,,,,,,,,,,
0,10,3,52.3,123496,,,,,,,,,,
0,9.4,0,39.7,111721,,,,,,,,,,
100,13.3,0,47.2,111293,,,,,,,,,,
50,5.6,1,49,74814,,,,,,,,,,
50,10.7,2,42.4,204521,,,,,,,,,,
100,0.7,2,39.2,77112,,,,,,,,,,
0,4.4,2,45.2,87008,,,,,,,,,,
0,10.7,3,44.3,114496,,,,,,,,,,
50,15.9,1,49.7,96883,,,,,,,,,,
0,6.2,0,46.3,78869,,,,,,,,,,
100,18,4,51.1,32814,,,,,,,,,,
50,9.1,1,53.7,180204,,,,,,,,,,
50,5.7,4,46.7,104487,,,,,,,,,,
0,11.8,2,53.4,53169,,,,,,,,,,
0,10,1,45.7,107666,,,,,,,,,,
100,6.1,1,50.6,181604,,,,,,,,,,
0,10.8,1,40.1,100985,,,,,,,,,,
0,2.1,1,27.8,32690,,,,,,,,,,
50,13.1,1,39.7,116354,,,,,,,,,,
100,1.5,2,37.5,44411,,,,,,,,,,
0,14.1,3,41.7,41872,,,,,,,,,,
0,10.9,4,41.2,39530,,,,,,,,,,
0,12,2,46.5,131760,,,,,,,,,,
50,10,1,42.6,190369,,,,,,,,,,
50,0,2,53.3,79514,,,,,,,,,,
50,9.7,1,42.3,146526,,,,,,,,,,
50,5.5,2,36.1,118775,,,,,,,,,,
100,5.8,1,42.5,97055,,,,,,,,,,
0,9.3,3,56.4,119992,,,,,,,,,,
0,18.1,2,58.6,51120,,,,,,,,,,
50,4.4,5,53.1,164931,,,,,,,,,,
50,9.7,2,37.6,169737,,,,,,,,,,
100,0,1,37.7,51510,,,,,,,,,,
0,5.1,1,48,139369,,,,,,,,,,
50,13.1,1,50.1,265184,,,,,,,,,,
0,9.2,2,41.4,147341,,,,,,,,,,
100,8.4,6,56.7,106794,,,,,,,,,,
0,0,2,44.1,32193,,,,,,,,,,
50,12.5,2,47.6,164948,,,,,,,,,,
50,8,4,43.9,157606,,,,,,,,,,
100,0,5,36,119100,,,,,,,,,,
0,11.6,2,49.1,112486,,,,,,,,,,
0,15.2,3,38.7,61040,,,,,,,,,,
100,6.6,2,47.1,106769,,,,,,,,,,
0,3.3,0,40.8,33737,,,,,,,,,,
100,0,1,40.2,92683,,,,,,,,,,
100,5.9,3,46.9,77092,,,,,,,,,,
0,12.5,2,41.7,48988,,,,,,,,,,
0,13.9,2,45.9,141138,,,,,,,,,,
0,7.2,2,33.7,105187,,,,,,,,,,
100,14.5,4,43.6,103202,,,,,,,,,,
100,6.7,2,50.3,78083,,,,,,,,,,
0,11.8,3,51.1,111562,,,,,,,,,,
0,14.7,4,42.8,130637,,,,,,,,,,
0,8.2,3,39.8,123697,,,,,,,,,,
0,7.7,4,51.8,182211,,,,,,,,,,
100,3.7,0,54.8,70522,,,,,,,,,,
50,14.6,2,53.5,201576,,,,,,,,,,
100,15.3,3,45,97806,,,,,,,,,,
0,4.5,0,46.9,74293,,,,,,,,,,
50,14.7,2,45.5,174344,,,,,,,,,,
100,6.4,2,47.1,26652,,,,,,,,,,
50,7.3,2,38.2,165255,,,,,,,,,,
50,11.2,6,45.8,95076,,,,,,,,,,
50,6.7,0,44.8,96310,,,,,,,,,,
100,11.7,2,52.4,170002,,,,,,,,,,
0,11.5,1,47.3,118216,,,,,,,,,,
0,15.8,1,31.1,76279,,,,,,,,,,
0,9.3,2,47,116427,,,,,,,,,,
100,15.4,2,43.8,151036,,,,,,,,,,
50,5.7,1,42,38782,,,,,,,,,,
0,5.6,0,45.3,100623,,,,,,,,,,
50,9.9,4,47.6,162150,,,,,,,,,,
100,17.7,0,57.1,68427,,,,,,,,,,
0,6.2,0,47.9,32854,,,,,,,,,,
0,7.6,1,51.5,83590,,,,,,,,,,
0,3.8,0,34.9,46655,,,,,,,,,,
0,11.5,4,46,118466,,,,,,,,,,
100,3.3,1,45.3,75231,,,,,,,,,,
0,13.4,2,55,96462,,,,,,,,,,
50,7.8,2,45.4,95814,,,,,,,,,,
50,9.8,4,43.3,45098,,,,,,,,,,
100,5.1,1,41.3,106944,,,,,,,,,,
50,6.4,1,47.3,26142,,,,,,,,,,
100,7.7,3,54.5,92535,,,,,,,,,,
100,7.8,2,52.2,37277,,,,,,,,,,
100,9,4,47.7,29494,,,,,,,,,,
0,6.3,1,39.2,61767,,,,,,,,,,
0,10.5,0,41.6,44403,,,,,,,,,,
0,8.7,3,40.3,118931,,,,,,,,,,
0,3,3,45.4,111590,,,,,,,,,,
0,0.5,3,41.8,85757,,,,,,,,,,
0,14.9,1,58.7,127455,,,,,,,,,,
0,15.9,2,48,222923,,,,,,,,,,
0,7.7,2,39.5,71461,,,,,,,,,,
100,5,1,39,29313,,,,,,,,,,
100,10.6,1,38.6,54747,,,,,,,,,,
100,13.6,1,50.8,138172,,,,,,,,,,
50,8.1,1,49.1,135235,,,,,,,,,,
50,11.3,3,42.3,140462,,,,,,,,,,
100,11.3,2,44.1,63004,,,,,,,,,,
50,2.7,1,44,67374,,,,,,,,,,
100,7.8,0,46.9,101610,,,,,,,,,,
100,8.1,3,42.4,149512,,,,,,,,,,
100,15.5,5,42.1,45692,,,,,,,,,,
50,6.7,1,44.5,47934,,,,,,,,,,
0,11.5,2,50.1,156801,,,,,,,,,,
100,2.7,0,36,13455,,,,,,,,,,
0,6.5,0,50.6,92533,,,,,,,,,,
0,5.6,2,45.4,85460,,,,,,,,,,
100,5.6,4,47,62629,,,,,,,,,,
100,17.7,0,46.3,208556,,,,,,,,,,
50,0,0,43.9,61450,,,,,,,,,,
50,9.9,4,46.6,177706,,,,,,,,,,
50,16.1,1,63.3,143474,,,,,,,,,,
0,13.2,2,49.9,23625,,,,,,,,,,
100,4.6,3,50.2,91546,,,,,,,,,,
0,5.1,1,51.2,151363,,,,,,,,,,
50,9.4,4,49.7,51757,,,,,,,,,,
0,8.5,3,44.3,39823,,,,,,,,,,
100,5.6,3,40.5,73024,,,,,,,,,,
100,12,4,38.3,141507,,,,,,,,,,
50,12.8,0,43.8,86739,,,,,,,,,,
50,6.6,3,44.5,138668,,,,,,,,,,
50,10.2,4,44.9,183493,,,,,,,,,,
50,10.5,6,54.7,65982,,,,,,,,,,
0,8.1,0,47.9,98058,,,,,,,,,,
50,11.1,3,48.5,125217,,,,,,,,,,
100,8.7,2,46.8,76185,,,,,,,,,,
50,3.1,4,36.6,103914,,,,,,,,,,
0,13,4,43.6,242287,,,,,,,,,,
0,1.4,1,40.9,55121,,,,,,,,,,
50,8.7,2,49.1,47194,,,,,,,,,,
50,13.8,5,39.8,53265,,,,,,,,,,
0,1,1,42.7,34521,,,,,,,,,,
50,7.4,0,43.8,105855,,,,,,,,,,
100,14.4,1,56.4,136089,,,,,,,,,,
0,2.8,3,24.7,78621,,,,,,,,,,
50,7.9,2,38.4,82992,,,,,,,,,,
50,17.5,5,47.4,131054,,,,,,,,,,
0,2.5,1,40.2,82094,,,,,,,,,,
0,1.5,1,48.9,21142,,,,,,,,,,
50,6.5,0,43.9,82559,,,,,,,,,,
100,1.2,0,45.8,34784,,,,,,,,,,
0,5.3,2,37.9,23414,,,,,,,,,,
0,5.1,3,40.1,53843,,,,,,,,,,
50,6,0,53.5,172258,,,,,,,,,,
0,16.8,2,44.9,201864,,,,,,,,,,
50,15,3,48.1,154670,,,,,,,,,,
100,2.1,2,47.7,23344,,,,,,,,,,
50,4.9,0,40.9,127143,,,,,,,,,,
50,3.1,0,36.8,17225,,,,,,,,,,
50,5.6,2,40.1,92134,,,,,,,,,,
50,6.2,1,49.6,57861,,,,,,,,,,
0,10.3,1,38.2,104619,,,,,,,,,,
0,0,1,34.9,65964,,,,,,,,,,
0,17.7,1,36.8,103844,,,,,,,,,,
50,8.6,3,48.9,116896,,,,,,,,,,
100,1.5,1,44.2,72148,,,,,,,,,,
100,5.8,1,33.7,47174,,,,,,,,,,
0,13.7,2,48.5,115193,,,,,,,,,,
100,6.6,2,37.4,79435,,,,,,,,,,
50,4.4,2,49.5,120935,,,,,,,,,,
100,16.1,1,49.8,141969,,,,,,,,,,
50,1,2,45,89076,,,,,,,,,,
0,14.1,4,50.6,176835,,,,,,,,,,
50,18.2,2,45.3,54974,,,,,,,,,,
0,6.6,1,40,49598,,,,,,,,,,
50,7.3,1,46.5,32965,,,,,,,,,,
0,10.6,2,53.2,177754,,,,,,,,,,
0,12.6,1,47.9,105475,,,,,,,,,,
50,7.4,1,44.6,33733,,,,,,,,,,
0,6.8,0,35.8,95314,,,,,,,,,,
0,17.3,1,49,146228,,,,,,,,,,
50,18.5,6,43.4,232543,,,,,,,,,,
50,12.5,3,44.3,43629,,,,,,,,,,
50,5.1,2,38.2,124345,,,,,,,,,,
100,3.6,2,43.4,89126,,,,,,,,,,
50,16.9,4,48.2,163578,,,,,,,,,,
50,6.8,1,46.1,33625,,,,,,,,,,
0,12,3,48.7,184061,,,,,,,,,,
0,10.9,3,51.4,90315,,,,,,,,,,
100,5.3,1,42.8,188427,,,,,,,,,,
0,1.1,2,38,55095,,,,,,,,,,
50,8.4,3,42,67231,,,,,,,,,,
50,11,2,47.5,154063,,,,,,,,,,
100,20,4,47.2,186873,,,,,,,,,,
0,5.2,0,41.2,108383,,,,,,,,,,
50,13,4,58.8,245041,,,,,,,,,,
50,5,3,42.9,116579,,,,,,,,,,
0,13.3,2,41.5,222043,,,,,,,,,,
100,7.5,4,42.9,133086,,,,,,,,,,
0,4.5,1,47.4,134985,,,,,,,,,,
50,10.7,2,45.1,87450,,,,,,,,,,
50,16.8,1,34.3,118339,,,,,,,,,,
0,4.9,2,39.7,69387,,,,,,,,,,
50,14.4,2,52.5,148456,,,,,,,,,,
0,4.7,1,32.9,140980,,,,,,,,,,
0,17,2,48.6,145958,,,,,,,,,,
100,9.8,2,43.5,141974,,,,,,,,,,
100,8.4,1,52.9,101952,,,,,,,,,,
0,4.1,0,36,66094,,,,,,,,,,
0,8.1,1,44.4,108995,,,,,,,,,,
100,0.9,2,36.9,94842,,,,,,,,,,
0,17.2,1,42,171539,,,,,,,,,,
0,5.7,2,47.3,84914,,,,,,,,,,
50,9.6,5,49.6,34279,,,,,,,,,,
0,7.4,3,47.3,109603,,,,,,,,,,
100,14,2,43.4,170581,,,,,,,,,,
0,10.8,1,42,131847,,,,,,,,,,
50,0.5,0,43.1,89408,,,,,,,,,,
50,14,0,47.3,123211,,,,,,,,,,
0,9.6,1,47.6,146802,,,,,,,,,,
50,0,0,39,91518,,,,,,,,,,
0,2.4,1,37.1,85152,,,,,,,,,,
50,12,2,47.6,124499,,,,,,,,,,
100,6.4,1,40.2,150624,,,,,,,,,,
50,7.4,2,51.2,96954,,,,,,,,,,
0,8.1,1,48.9,72393,,,,,,,,,,
50,1.5,2,40.3,81601,,,,,,,,,,
0,9.7,3,43.4,45666,,,,,,,,,,
50,8.3,3,35.8,67419,,,,,,,,,,
100,6.6,0,44.3,107892,,,,,,,,,,
0,12.1,0,50.3,150468,,,,,,,,,,
50,8.5,0,48.7,101662,,,,,,,,,,
50,12.5,3,51.4,146975,,,,,,,,,,
50,4.6,0,48.8,101882,,,,,,,,,,
50,5.4,2,53.2,163324,,,,,,,,,,
50,2.2,3,45.2,20792,,,,,,,,,,
0,11.6,1,46.8,53293,,,,,,,,,,
0,4.4,3,39.3,56714,,,,,,,,,,
0,11.4,3,44.6,118748,,,,,,,,,,
0,10,1,33.2,130027,,,,,,,,,,
50,11,4,45.9,57480,,,,,,,,,,
100,10.1,2,43.3,40156,,,,,,,,,,
0,6.8,3,40.6,94742,,,,,,,,,,
50,8.5,3,31.5,137348,,,,,,,,,,
100,13,5,45.8,80070,,,,,,,,,,
50,15.4,2,33.5,164051,,,,,,,,,,
50,4.4,0,49.4,66223,,,,,,,,,,
50,12.6,3,49.8,139826,,,,,,,,,,
100,0,2,45.3,113705,,,,,,,,,,
50,1.7,3,38.1,66276,,,,,,,,,,
50,20.9,2,47,201867,,,,,,,,,,
100,12.8,2,48.1,54159,,,,,,,,,,
0,10.6,4,51.9,160125,,,,,,,,,,
0,2.8,4,37.5,65608,,,,,,,,,,
50,9.8,4,43.3,149607,,,,,,,,,,
0,8.8,2,47.3,110353,,,,,,,,,,
100,3.3,1,40,98028,,,,,,,,,,
50,7.1,4,50.8,57927,,,,,,,,,,
100,4.7,3,48.8,89440,,,,,,,,,,
50,13.6,2,46.9,73073,,,,,,,,,,
100,2.1,2,49.4,58705,,,,,,,,,,
0,2.3,2,33,39409,,,,,,,,,,
0,7.2,2,55.6,74626,,,,,,,,,,
0,5.1,1,49.1,33034,,,,,,,,,,
50,7.1,2,55.4,30831,,,,,,,,,,
50,8.7,2,45.1,31528,,,,,,,,,,
0,9.8,2,45.3,81800,,,,,,,,,,
100,7.1,1,46.4,62234,,,,,,,,,,
50,8.1,1,45.2,76667,,,,,,,,,,
50,8.7,2,49,185140,,,,,,,,,,
0,6,3,38.4,93943,,,,,,,,,,
0,1.9,0,41.9,54866,,,,,,,,,,
100,3.1,0,44.6,90201,,,,,,,,,,
100,6.9,3,39.6,80784,,,,,,,,,,
50,18.4,1,33.8,26862,,,,,,,,,,
0,22.1,2,54.2,197869,,,,,,,,,,
0,5,2,39.3,88320,,,,,,,,,,
50,15.9,2,54.5,156959,,,,,,,,,,
0,7,1,39.4,117413,,,,,,,,,,
0,10.3,3,53.2,25361,,,,,,,,,,
0,1.6,1,39.5,62923,,,,,,,,,,
100,2.2,0,41.8,146217,,,,,,,,,,
50,2.3,1,35.7,46208,,,,,,,,,,
0,5.6,0,43.9,119156,,,,,,,,,,
0,19.7,3,55.6,178419,,,,,,,,,,
0,13.2,2,43.7,88241,,,,,,,,,,
100,11.8,1,55.9,50797,,,,,,,,,,
0,11.6,1,48.8,119302,,,,,,,,,,
0,7,1,44.1,115227,,,,,,,,,,
50,5.7,4,49.7,121448,,,,,,,,,,
50,5.6,2,38.7,182469,,,,,,,,,,
100,12.9,1,50.7,171782,,,,,,,,,,
0,4.9,3,38.3,100796,,,,,,,,,,
0,12.9,4,57.4,162656,,,,,,,,,,
50,6.8,2,40.9,94031,,,,,,,,,,
0,2.5,0,45.5,84381,,,,,,,,,,
50,8.9,6,44.5,98372,,,,,,,,,,
100,9.4,4,49.9,152407,,,,,,,,,,
0,18,3,41.4,227254,,,,,,,,,,
0,13.2,2,41.9,131271,,,,,,,,,,
0,17.4,0,43.9,150687,,,,,,,,,,
0,12.3,2,52.4,82037,,,,,,,,,,
0,0.6,0,43.8,44640,,,,,,,,,,
50,10.4,1,51,123484,,,,,,,,,,
50,2.7,3,52.1,27032,,,,,,,,,,
50,5.2,1,47.7,85632,,,,,,,,,,
0,4.7,0,44.8,12000,,,,,,,,,,
0,19.5,1,41.9,62796,,,,,,,,,,
50,11,0,43.8,87627,,,,,,,,,,
100,6.4,1,42.6,109859,,,,,,,,,,
0,8.2,2,47.9,77373,,,,,,,,,,
0,6.6,1,41.4,64944,,,,,,,,,,
100,4.7,2,48,68896,,,,,,,,,,
50,9.9,3,49.2,68836,,,,,,,,,,
100,4.5,2,51.4,104170,,,,,,,,,,
0,4.3,2,38.3,96020,,,,,,,,,,
100,6.4,3,54.5,62810,,,,,,,,,,
100,17.9,2,42.7,329944,,,,,,,,,,
50,4.9,0,46.2,106362,,,,,,,,,,
50,6.7,3,38,121726,,,,,,,,,,
100,0,5,38.4,66330,,,,,,,,,,
50,19,1,49,184919,,,,,,,,,,
0,5.2,1,49.7,71146,,,,,,,,,,
100,7.3,0,44.6,95661,,,,,,,,,,
50,4.6,0,48.9,87199,,,,,,,,,,
100,1,4,43.1,149829,,,,,,,,,,
50,14.8,2,42.6,23826,,,,,,,,,,
100,3.5,1,42.3,103453,,,,,,,,,,
0,0.8,3,31.4,20178,,,,,,,,,,
0,7.2,4,38.5,65226,,,,,,,,,,
0,3.1,1,48.5,43793,,,,,,,,,,
0,12.8,2,54.2,43211,,,,,,,,,,
100,13.9,2,53.2,155849,,,,,,,,,,
0,3,1,35.9,79168,,,,,,,,,,
50,10,2,41,39135,,,,,,,,,,
100,8,1,41,119950,,,,,,,,,,
0,3,3,35.4,29087,,,,,,,,,,
0,9,2,37,93683,,,,,,,,,,
50,11.3,0,42.5,71730,,,,,,,,,,
0,9,0,39.4,160880,,,,,,,,,,
0,4.2,1,41.6,82883,,,,,,,,,,
100,7.9,4,44.3,96969,,,,,,,,,,
50,13.1,2,48.9,110554,,,,,,,,,,
50,7.5,2,41,85930,,,,,,,,,,
0,0.7,1,42.8,41285,,,,,,,,,,
100,10.1,1,44.2,61806,,,,,,,,,,
50,15.2,3,42.2,75514,,,,,,,,,,
0,14.6,3,48.3,252690,,,,,,,,,,
50,14.1,2,60.5,249295,,,,,,,,,,
100,1.9,1,42.9,171884,,,,,,,,,,
0,5.1,3,48.3,102332,,,,,,,,,,
0,5.6,1,45.4,25660,,,,,,,,,,
50,3.4,0,36.8,59555,,,,,,,,,,
0,3.2,1,52.6,13199,,,,,,,,,,
50,11.9,4,44.1,62555,,,,,,,,,,
100,3.1,1,46.9,64735,,,,,,,,,,
0,17.8,1,49.8,107312,,,,,,,,,,
0,3,1,39.4,12000,,,,,,,,,,
0,3,1,42.7,48553,,,,,,,,,,
50,8.3,1,59.1,30257,,,,,,,,,,
0,9.9,0,40.2,70683,,,,,,,,,,
50,5.3,0,42.6,137823,,,,,,,,,,
50,6.9,1,56,116122,,,,,,,,,,
0,2.1,1,37.7,113607,,,,,,,,,,
50,4.5,1,46.1,55589,,,,,,,,,,
50,1,0,33,92889,,,,,,,,,,
100,21.4,2,52.9,258641,,,,,,,,,,
0,12.6,4,51,84762,,,,,,,,,,
50,13.3,1,56.7,154732,,,,,,,,,,
0,10.6,3,45.8,184558,,,,,,,,,,
100,6.8,2,38.9,77692,,,,,,,,,,
0,9.1,0,38.5,127550,,,,,,,,,,
50,4,1,41.5,95885,,,,,,,,,,
100,6.7,1,39.6,32491,,,,,,,,,,
100,6.4,0,38.6,153858,,,,,,,,,,
100,8.7,0,35.9,110316,,,,,,,,,,
0,20,2,45.3,149044,,,,,,,,,,
100,14.4,2,52.7,172438,,,,,,,,,,
50,5,3,52.9,26728,,,,,,,,,,
50,2.4,3,38.4,90015,,,,,,,,,,
50,10.6,3,45.1,122637,,,,,,,,,,
50,4.6,2,40.5,109588,,,,,,,,,,
50,15.1,2,37.8,61893,,,,,,,,,,
50,18,4,50.3,227078,,,,,,,,,,
0,6.9,1,40.3,92246,,,,,,,,,,
50,0.3,1,42.1,62609,,,,,,,,,,
50,6.1,1,40.8,73638,,,,,,,,,,
100,18.6,3,38.7,78105,,,,,,,,,,
0,10,1,39.4,138760,,,,,,,,,,
0,10.8,2,44,37119,,,,,,,,,,
50,13.3,2,49.6,56938,,,,,,,,,,
0,0.8,5,46.2,33575,,,,,,,,,,
0,10.1,2,27.6,86304,,,,,,,,,,
0,7.3,2,31.6,40074,,,,,,,,,,
0,13.7,0,44.6,181976,,,,,,,,,,
100,12.3,1,44.6,109212,,,,,,,,,,
0,2.9,2,44.3,151238,,,,,,,,,,
50,7,2,49.9,170180,,,,,,,,,,
0,6.7,3,37.2,100470,,,,,,,,,,
0,19.1,0,67.3,192089,,,,,,,,,,
100,10.4,1,50.3,199977,,,,,,,,,,
50,13.9,1,48.6,114201,,,,,,,,,,
100,2.8,0,37,60268,,,,,,,,,,
0,9.8,3,37.4,160073,,,,,,,,,,
50,8.1,1,44,122715,,,,,,,,,,
100,5.6,2,45.8,111907,,,,,,,,,,
50,15.6,2,44.4,126987,,,,,,,,,,
100,7.3,1,34.1,74735,,,,,,,,,,
0,12.8,1,41,57073,,,,,,,,,,
0,9.2,4,44.3,64059,,,,,,,,,,
100,13.1,0,42,51329,,,,,,,,,,
0,10.5,3,43,47739,,,,,,,,,,
100,11.6,2,34.6,98440,,,,,,,,,,
0,12.2,5,52.2,75193,,,,,,,,,,
0,3.4,4,35.6,65965,,,,,,,,,,
50,0.2,4,42.1,64476,,,,,,,,,,
0,7,2,40.1,90452,,,,,,,,,,
50,6.3,2,31.9,159504,,,,,,,,,,
0,5.9,0,48.8,32030,,,,,,,,,,
0,5.1,0,45.6,74667,,,,,,,,,,
0,6.3,2,42,113374,,,,,,,,,,
0,3.6,3,50.3,94969,,,,,,,,,,
100,10.6,3,43.6,117092,,,,,,,,,,
50,5.9,2,38.1,18421,,,,,,,,,,
0,5.7,0,49.5,127104,,,,,,,,,,
0,11.4,1,39.2,101982,,,,,,,,,,
50,3.7,1,35.2,66529,,,,,,,,,,
100,18.6,1,51.5,119484,,,,,,,,,,
100,9.5,2,52.2,43197,,,,,,,,,,
50,10.4,1,46.5,215929,,,,,,,,,,
0,10.8,1,37.4,165784,,,,,,,,,,
0,7.5,3,43.5,86146,,,,,,,,,,
0,0.9,0,48.3,85801,,,,,,,,,,
100,8.5,2,41.5,38456,,,,,,,,,,
50,4.6,1,35.9,27800,,,,,,,,,,
50,16.6,8,48.5,204325,,,,,,,,,,
0,3.7,2,41.5,39080,,,,,,,,,,
50,8.6,1,44.8,57415,,,,,,,,,,
0,2.3,1,38.6,74851,,,,,,,,,,
50,16.3,2,40.1,45531,,,,,,,,,,
50,2,1,37.1,54246,,,,,,,,,,
0,6,3,36.2,76400,,,,,,,,,,
0,1.3,3,42.1,12544,,,,,,,,,,
0,6.9,3,43.1,51393,,,,,,,,,,
0,9.9,2,46.8,143971,,,,,,,,,,
0,6.3,2,40.2,87136,,,,,,,,,,
0,4.7,0,53.2,73286,,,,,,,,,,
0,9.4,1,41.6,65354,,,,,,,,,,
0,9.8,4,53.5,137395,,,,,,,,,,
100,10.2,2,29,131830,,,,,,,,,,
0,10.1,6,42.5,39878,,,,,,,,,,
50,9.8,4,52.1,136760,,,,,,,,,,
100,13.6,1,52,90884,,,,,,,,,,
50,7.3,2,31.1,64263,,,,,,,,,,
100,13.6,4,38.4,136654,,,,,,,,,,
50,10.2,4,47,39364,,,,,,,,,,
100,13.6,2,44,225491,,,,,,,,,,
0,6.1,1,44.9,100131,,,,,,,,,,
0,6.4,2,39.8,96572,,,,,,,,,,
0,3,3,39.5,72166,,,,,,,,,,
0,15.8,2,43.5,49783,,,,,,,,,,
100,10.3,1,40.8,61578,,,,,,,,,,
100,0,4,37.1,19580,,,,,,,,,,
0,15.6,1,55.3,102169,,,,,,,,,,
0,6.7,1,47.4,124541,,,,,,,,,,
100,20.1,5,47.4,216932,,,,,,,,,,
100,2.5,3,33.3,25401,,,,,,,,,,
50,4.7,1,51.6,83370,,,,,,,,,,
0,6.5,0,40.7,131449,,,,,,,,,,
0,10,1,45.1,116196,,,,,,,,,,
100,5.4,2,43.1,118167,,,,,,,,,,
100,3.4,2,36.9,48856,,,,,,,,,,
100,9.7,4,43.6,176810,,,,,,,,,,
0,3.3,1,50.8,78577,,,,,,,,,,
0,6.8,1,48,92687,,,,,,,,,,
50,3.7,1,45.2,105171,,,,,,,,,,
100,17.9,0,39.5,179294,,,,,,,,,,
0,7.6,5,33.7,168016,,,,,,,,,,
100,6.4,2,41,85310,,,,,,,,,,
50,4.4,1,44.2,52951,,,,,,,,,,
50,10.9,1,41.7,73036,,,,,,,,,,
0,9.7,1,44.3,47220,,,,,,,,,,
0,8,1,45.8,52254,,,,,,,,,,
50,9.4,4,47.2,194414,,,,,,,,,,
100,9.6,1,34.5,108884,,,,,,,,,,
0,17.6,2,56,150702,,,,,,,,,,
0,17.8,3,50.9,70544,,,,,,,,,,
0,15.6,2,40.9,200221,,,,,,,,,,
100,11.8,2,39.6,20012,,,,,,,,,,
0,0,1,41.2,64636,,,,,,,,,,
0,12.6,1,43.5,71055,,,,,,,,,,
100,11.5,3,53.5,113539,,,,,,,,,,
50,8.8,1,48.2,32747,,,,,,,,,,
50,12.4,2,50.9,155171,,,,,,,,,,
50,2.2,2,42.9,27424,,,,,,,,,,
100,2.7,5,37.6,109193,,,,,,,,,,
50,2.2,1,53.2,22551,,,,,,,,,,
0,12.2,1,50.3,120871,,,,,,,,,,
0,2.4,2,37.6,72062,,,,,,,,,,
50,0,2,40.3,69130,,,,,,,,,,
50,11.2,4,47.7,70664,,,,,,,,,,
0,9.2,2,47.7,140254,,,,,,,,,,
0,7.2,2,34.4,156252,,,,,,,,,,
100,12.1,2,39.8,155576,,,,,,,,,,
0,8,1,37.5,111249,,,,,,,,,,
0,3.7,2,43.4,49241,,,,,,,,,,
0,2.4,1,50.1,23009,,,,,,,,,,
0,14.7,2,48.1,175965,,,,,,,,,,
0,9.3,2,41.6,127755,,,,,,,,,,
100,11.8,0,40.9,125750,,,,,,,,,,
100,12.4,2,48.3,57974,,,,,,,,,,
100,8.5,2,48.8,115778,,,,,,,,,,
100,11.2,1,43.8,175100,,,,,,,,,,
100,10.8,2,35.3,96893,,,,,,,,,,
0,6.3,1,50.4,99980,,,,,,,,,,
0,0,1,40.9,40237,,,,,,,,,,
0,12.8,2,54,103887,,,,,,,,,,
50,8.4,2,37,69698,,,,,,,,,,
100,15.3,3,38.4,55412,,,,,,,,,,
0,11.2,0,42.5,62027,,,,,,,,,,
100,12.9,5,43.1,78163,,,,,,,,,,
50,10.1,3,43.3,76992,,,,,,,,,,
50,5,2,46,99746,,,,,,,,,,
0,12.1,3,36.3,155775,,,,,,,,,,
50,12.2,1,45.4,191700,,,,,,,,,,
0,14.6,1,46.1,69302,,,,,,,,,,
0,7.1,0,39.8,73640,,,,,,,,,,
50,10.2,2,44.7,77396,,,,,,,,,,
50,11.1,3,48.5,37643,,,,,,,,,,
0,4.4,3,35.6,100059,,,,,,,,,,
50,7.4,3,34.2,75003,,,,,,,,,,
50,2.8,0,39.3,53128,,,,,,,,,,
50,2.4,0,39,27938,,,,,,,,,,
0,15.2,0,44.5,143167,,,,,,,,,,
0,8.5,2,43,41539,,,,,,,,,,
50,6.1,3,49.1,141073,,,,,,,,,,
0,3.8,0,34.2,32361,,,,,,,,,,
0,2.8,1,38.8,49623,,,,,,,,,,
100,1.5,3,26.5,19614,,,,,,,,,,
50,9.5,4,48.4,154058,,,,,,,,,,
100,2,2,45,80687,,,,,,,,,,
100,2.1,2,40.2,88403,,,,,,,,,,
0,10.9,1,49.6,135090,,,,,,,,,,
50,13.1,4,49.5,176500,,,,,,,,,,
0,13.8,3,40.2,223658,,,,,,,,,,
0,19.7,3,49.7,320354,,,,,,,,,,
50,9,1,48.1,109281,,,,,,,,,,
0,11.4,2,42.2,121197,,,,,,,,,,
0,14.8,1,48.5,145128,,,,,,,,,,
100,16.7,2,57,92377,,,,,,,,,,
100,3.1,1,46.1,67979,,,,,,,,,,
100,12.4,2,49.9,138666,,,,,,,,,,
0,11.6,5,43.5,100415,,,,,,,,,,
100,14.3,3,56.8,83582,,,,,,,,,,
0,8.7,3,49.3,152306,,,,,,,,,,
0,9.9,2,52.5,29873,,,,,,,,,,
50,15.4,3,38.9,201912,,,,,,,,,,
50,2.3,1,32,13930,,,,,,,,,,
100,5.4,0,34.1,95661,,,,,,,,,,
50,6,1,43.2,135753,,,,,,,,,,
50,15.4,1,41,72482,,,,,,,,,,
50,16.5,1,50.4,110894,,,,,,,,,,
0,7.6,2,50.6,125991,,,,,,,,,,
50,13.5,2,48.3,59230,,,,,,,,,,
100,14.8,4,49.4,267056,,,,,,,,,,
0,4.7,1,37.5,95972,,,,,,,,,,
100,13.8,2,44.4,46299,,,,,,,,,,
0,1.2,1,50.4,76077,,,,,,,,,,
0,8.2,1,35.2,39205,,,,,,,,,,
0,10.7,3,40.6,63503,,,,,,,,,,
0,0.8,1,41.6,46278,,,,,,,,,,
50,4.3,3,38.7,165698,,,,,,,,,,
100,12.6,2,38.4,42163,,,,,,,,,,
50,1.4,0,45.5,132295,,,,,,,,,,
0,8.1,2,41.5,66253,,,,,,,,,,
50,15.5,2,40.2,182495,,,,,,,,,,
0,13.7,3,39.2,42378,,,,,,,,,,
0,11.4,2,49.9,104545,,,,,,,,,,
50,11.6,1,47.4,129685,,,,,,,,,,
0,11,1,38.7,39061,,,,,,,,,,
50,4,0,31.4,46284,,,,,,,,,,
50,11.8,1,31.6,39689,,,,,,,,,,
100,16.2,1,48,57689,,,,,,,,,,
0,14.8,1,51.8,187867,,,,,,,,,,
100,6.3,2,40.1,218694,,,,,,,,,,
0,12.3,1,44.1,103934,,,,,,,,,,
100,7.8,1,48.3,32529,,,,,,,,,,
50,5.1,3,48,75888,,,,,,,,,,
50,6.5,0,29,65970,,,,,,,,,,
0,7.4,3,51,51574,,,,,,,,,,
0,7.1,3,49.2,145425,,,,,,,,,,
50,6.7,3,38.6,82501,,,,,,,,,,
50,5.5,5,36.2,42734,,,,,,,,,,
50,3.2,1,39.9,101216,,,,,,,,,,
0,7.8,1,40.3,131262,,,,,,,,,,
50,7.6,2,43.2,126055,,,,,,,,,,
50,8.9,1,47.5,86640,,,,,,,,,,
0,1.3,0,48.3,37269,,,,,,,,,,
0,14.1,3,34.4,116254,,,,,,,,,,
0,13.3,4,39.6,122809,,,,,,,,,,
100,15.9,0,54.8,132822,,,,,,,,,,
0,2.2,1,49.9,23391,,,,,,,,,,
100,11.7,2,47.7,107505,,,,,,,,,,
50,8.5,1,42.5,182981,,,,,,,,,,
100,7.3,2,36.1,89186,,,,,,,,,,
100,13.8,2,46.2,183973,,,,,,,,,,
100,7.4,4,41,87762,,,,,,,,,,
50,12.3,1,44.6,133638,,,,,,,,,,
50,7.4,0,43.9,40079,,,,,,,,,,
50,6.9,1,44.6,57515,,,,,,,,,,
0,7.1,1,43.7,145269,,,,,,,,,,
100,9.3,0,36.6,75314,,,,,,,,,,
0,5.6,0,40.4,121347,,,,,,,,,,
0,4.7,0,40,61557,,,,,,,,,,
0,12.2,3,44.1,133318,,,,,,,,,,
0,12.8,1,52,152435,,,,,,,,,,
0,11,1,52.4,172451,,,,,,,,,,
100,7.5,0,43.8,42843,,,,,,,,,,
100,17,3,54.4,84888,,,,,,,,,,
50,9.6,1,42.4,105791,,,,,,,,,,
50,10.7,2,46.2,39286,,,,,,,,,,
0,6,2,39.9,122775,,,,,,,,,,
50,5.3,0,42,59396,,,,,,,,,,
0,9.3,2,54.5,41908,,,,,,,,,,
0,10.4,2,48.9,30395,,,,,,,,,,
100,18.2,3,44.6,185446,,,,,,,,,,
0,16.7,0,52.7,255473,,,,,,,,,,
0,13.1,0,42.8,88972,,,,,,,,,,
0,18.9,0,51.2,265216,,,,,,,,,,
100,11.8,0,41.2,96987,,,,,,,,,,
0,2.1,2,53.5,39940,,,,,,,,,,
0,5.5,1,45.2,77885,,,,,,,,,,
50,12.3,1,51.4,27960,,,,,,,,,,
0,7.1,0,53.1,97157,,,,,,,,,,
50,9.9,0,46.5,166025,,,,,,,,,,
100,3.1,1,51.7,93867,,,,,,,,,,
50,7.2,2,32.4,123795,,,,,,,,,,
0,6.7,2,51.4,109500,,,,,,,,,,
50,1.1,1,40.1,59517,,,,,,,,,,
0,0,0,43.2,20873,,,,,,,,,,
100,6.7,1,47.1,53257,,,,,,,,,,
50,18.2,1,43.1,223988,,,,,,,,,,
0,14.7,6,44.3,262073,,,,,,,,,,
50,11.3,2,41.8,138339,,,,,,,,,,
50,9.7,1,48.2,49675,,,,,,,,,,
0,10.1,2,38.2,143602,,,,,,,,,,
50,10.4,2,38.9,218953,,,,,,,,,,
50,4.5,2,48.6,95144,,,,,,,,,,
0,11,1,46.3,166982,,,,,,,,,,
100,10.4,4,38.9,100490,,,,,,,,,,
100,10.5,2,45.2,17798,,,,,,,,,,
50,6.8,1,46.8,90519,,,,,,,,,,
0,10.6,3,44.4,85608,,,,,,,,,,
100,12.3,3,47.8,154441,,,,,,,,,,
0,14,1,45.6,209447,,,,,,,,,,
50,14.6,2,49.9,60842,,,,,,,,,,
50,11.6,2,45.3,152335,,,,,,,,,,
100,1.6,0,46.2,65610,,,,,,,,,,
50,10.2,2,42.5,209157,,,,,,,,,,
50,5.8,3,41.7,160590,,,,,,,,,,
100,15,1,49.2,211829,,,,,,,,,,
0,13.8,2,45.6,179523,,,,,,,,,,
0,11.4,3,45.7,69491,,,,,,,,,,
100,7.4,2,45.7,35713,,,,,,,,,,
100,3.3,2,47.5,44912,,,,,,,,,,
0,8.6,1,40.3,47212,,,,,,,,,,
0,14.2,5,56.9,171775,,,,,,,,,,
100,8.6,3,39.9,49948,,,,,,,,,,
50,10.1,1,51.5,83837,,,,,,,,,,
50,2,0,41,63152,,,,,,,,,,
50,0,0,41.1,87333,,,,,,,,,,
50,5.4,2,43.3,49692,,,,,,,,,,
100,10.6,1,39.6,122736,,,,,,,,,,
50,7.1,1,44.9,91630,,,,,,,,,,
0,6.4,2,44.4,71207,,,,,,,,,,
0,11.9,2,51.7,115039,,,,,,,,,,
100,1.5,2,40,73393,,,,,,,,,,
0,7.9,2,44.9,78672,,,,,,,,,,
0,6.5,1,38.8,38852,,,,,,,,,,
100,7.3,1,44.3,226798,,,,,,,,,,
50,2.6,0,42.7,82804,,,,,,,,,,
0,8.4,2,49.6,52349,,,,,,,,,,
0,5.2,0,52,116508,,,,,,,,,,
0,5,2,49.2,73801,,,,,,,,,,
50,5.9,0,47.5,135075,,,,,,,,,,
0,12.5,2,50.6,131266,,,,,,,,,,
100,8.9,3,42.9,100513,,,,,,,,,,
100,4.5,0,46.1,57091,,,,,,,,,,
0,18.9,4,58.6,175954,,,,,,,,,,
0,1.9,2,46.3,18368,,,,,,,,,,
0,17.3,2,51.8,193950,,,,,,,,,,
0,2.4,2,34.2,135234,,,,,,,,,,
0,11.5,2,49.7,179416,,,,,,,,,,
0,15.3,2,42.1,51079,,,,,,,,,,
0,4.8,2,44,85295,,,,,,,,,,
0,9.8,4,48.3,80240,,,,,,,,,,
50,2.7,1,42.8,19748,,,,,,,,,,
50,18,3,39.4,205386,,,,,,,,,,
100,2.4,2,51.4,20021,,,,,,,,,,
100,13.3,3,52.1,152394,,,,,,,,,,
0,5.9,2,47.8,125753,,,,,,,,,,
0,9.8,0,45.6,129443,,,,,,,,,,
50,9.3,2,43.1,136852,,,,,,,,,,
0,9,3,28.4,94547,,,,,,,,,,
0,6.8,1,40.9,122640,,,,,,,,,,
50,7.9,1,50.2,95817,,,,,,,,,,
0,11.6,4,48.1,145060,,,,,,,,,,
0,1.7,1,37.9,77644,,,,,,,,,,
100,2.2,0,27.8,26609,,,,,,,,,,
0,2.7,1,51.7,119609,,,,,,,,,,
100,8.5,2,42.2,58569,,,,,,,,,,
0,18,2,53,171764,,,,,,,,,,
50,7.4,1,42.7,83136,,,,,,,,,,
0,0.1,2,44.3,89371,,,,,,,,,,
50,14.7,1,50.1,125315,,,,,,,,,,
0,5,2,40.6,64267,,,,,,,,,,
50,2.2,2,46.9,72317,,,,,,,,,,
0,4.9,1,45.9,194500,,,,,,,,,,
0,18.7,3,47.6,217720,,,,,,,,,,
50,1.9,1,30.7,52832,,,,,,,,,,
0,6.5,1,41.3,64664,,,,,,,,,,
50,11.7,3,46.9,77425,,,,,,,,,,
0,19.8,3,37.9,182912,,,,,,,,,,
0,20.1,4,52.7,101230,,,,,,,,,,
100,2.4,1,36.4,56829,,,,,,,,,,
100,1.2,2,38.8,25486,,,,,,,,,,
50,12.7,4,45,79438,,,,,,,,,,
0,10.5,4,43.2,138378,,,,,,,,,,
0,5.9,1,37,86040,,,,,,,,,,
0,6.4,1,46.8,46807,,,,,,,,,,
0,3.2,1,42.4,67481,,,,,,,,,,
100,9.9,4,39.6,102078,,,,,,,,,,
0,5.8,2,40.6,113108,,,,,,,,,,
0,12.4,2,51,120016,,,,,,,,,,
0,5.2,2,44.2,93427,,,,,,,,,,
0,9.3,1,52.3,214541,,,,,,,,,,
0,3.9,3,48.5,53841,,,,,,,,,,
0,6.1,1,41.6,103587,,,,,,,,,,
100,7.1,0,41.4,115150,,,,,,,,,,
0,5.9,1,40.8,68006,,,,,,,,,,
100,15.6,5,62.7,90882,,,,,,,,,,
50,21,4,46.1,114163,,,,,,,,,,
0,9.2,3,46.3,105647,,,,,,,,,,
50,13.4,0,43.5,111857,,,,,,,,,,
100,9.1,2,47.2,76073,,,,,,,,,,
100,2.1,1,41.3,23694,,,,,,,,,,
100,10.3,2,53.1,114008,,,,,,,,,,
100,13.1,4,39.2,138009,,,,,,,,,,
100,12.7,1,34.6,133894,,,,,,,,,,
50,10.1,1,50.3,61924,,,,,,,,,,
0,8.9,2,46.4,36829,,,,,,,,,,
0,8.4,1,36.2,52059,,,,,,,,,,
0,6.3,0,38.7,73582,,,,,,,,,,
0,9.8,3,42,24342,,,,,,,,,,
50,8.9,5,38.5,101235,,,,,,,,,,
0,10.4,0,41.7,61804,,,,,,,,,,
100,0.2,1,51.3,87003,,,,,,,,,,
0,10.6,2,38.8,111898,,,,,,,,,,
0,2.7,1,41.6,27140,,,,,,,,,,
100,1.9,0,39,18422,,,,,,,,,,
0,8.2,2,47.1,101608,,,,,,,,,,
0,7.5,3,47,45630,,,,,,,,,,
100,6,3,42.3,102364,,,,,,,,,,
0,2.8,2,51.3,35664,,,,,,,,,,
0,4.6,2,36.7,87814,,,,,,,,,,
0,14.2,1,49.7,130268,,,,,,,,,,
50,1.3,0,52.7,25562,,,,,,,,,,
100,10,2,38.7,34992,,,,,,,,,,
50,7.3,1,39.6,25541,,,,,,,,,,
50,4.5,2,42.4,41022,,,,,,,,,,
100,6,0,46.5,39118,,,,,,,,,,
0,5.6,2,45.8,57940,,,,,,,,,,
0,8.4,3,53.6,181167,,,,,,,,,,
100,6,0,46.5,74921,,,,,,,,,,
0,9.5,2,39.1,118175,,,,,,,,,,
0,12.7,2,40.1,81197,,,,,,,,,,
100,0,2,45.1,140148,,,,,,,,,,
50,10.5,4,38.8,119622,,,,,,,,,,
100,15.8,2,47.3,211810,,,,,,,,,,
50,4.5,1,32.5,97168,,,,,,,,,,
50,8,6,42.4,34899,,,,,,,,,,
100,3.2,3,46.7,63263,,,,,,,,,,
100,0,3,32.7,75583,,,,,,,,,,
100,8.4,2,45,80969,,,,,,,,,,
100,2.7,3,39.9,75936,,,,,,,,,,
100,5,0,48.3,111721,,,,,,,,,,
50,1,0,45.6,60876,,,,,,,,,,
100,6.1,6,51.4,40620,,,,,,,,,,
50,5,1,39.6,103179,,,,,,,,,,
0,10.6,5,59.7,126812,,,,,,,,,,
100,8.4,1,42.2,98833,,,,,,,,,,
0,7.8,0,45,105575,,,,,,,,,,
100,2.3,1,36.4,32241,,,,,,,,,,
0,9.4,1,33,101083,,,,,,,,,,
0,6.8,3,44.3,82689,,,,,,,,,,
100,7.2,3,47.5,54952,,,,,,,,,,
100,11.5,0,43.9,144992,,,,,,,,,,
100,5,1,43.5,27362,,,,,,,,,,
100,11.5,1,48.3,128037,,,,,,,,,,
0,1.9,0,40.2,47041,,,,,,,,,,
100,4.3,2,42.3,95782,,,,,,,,,,
50,8,2,33.9,21179,,,,,,,,,,
100,9.8,0,39.7,38255,,,,,,,,,,
100,0,2,36.6,109615,,,,,,,,,,
50,10.8,1,40.8,96692,,,,,,,,,,
0,1.7,1,36.8,21280,,,,,,,,,,
50,9,1,48.1,24486,,,,,,,,,,
50,6.1,1,58.8,82105,,,,,,,,,,
0,0,2,41.6,28789,,,,,,,,,,
50,4.7,2,54.6,50897,,,,,,,,,,
50,8.4,0,48.1,40847,,,,,,,,,,
0,10.7,2,44.1,59795,,,,,,,,,,
50,6.8,1,36.8,61220,,,,,,,,,,
0,5.8,2,46.6,69223,,,,,,,,,,
0,11.3,1,45.1,111566,,,,,,,,,,
0,1.3,2,45,115412,,,,,,,,,,
50,14.6,1,43.6,127130,,,,,,,,,,
0,1.3,1,38.4,23104,,,,,,,,,,
0,13.2,2,36,60774,,,,,,,,,,
50,8,2,28.4,161204,,,,,,,,,,
0,5.4,0,44.3,77009,,,,,,,,,,
100,10.2,2,45.9,118353,,,,,,,,,,
100,9.2,1,44.3,102691,,,,,,,,,,
0,11.7,1,38.2,205571,,,,,,,,,,
0,6,1,43.8,96927,,,,,,,,,,
50,10.3,1,42.8,155732,,,,,,,,,,
50,8.1,0,42.5,89164,,,,,,,,,,
0,0,3,42,61656,,,,,,,,,,
0,1.5,1,45.8,65266,,,,,,,,,,
100,1.9,3,44.7,88867,,,,,,,,,,
50,10.5,0,46.5,38799,,,,,,,,,,
50,15.7,4,43.1,127942,,,,,,,,,,
100,5.4,0,45.1,138091,,,,,,,,,,
100,8.7,1,41,107837,,,,,,,,,,
0,4.5,2,42.2,99836,,,,,,,,,,
100,10.3,3,51.5,27514,,,,,,,,,,
50,9.4,3,38.8,146746,,,,,,,,,,
0,11.4,2,42.4,79465,,,,,,,,,,
0,11.5,1,47,129452,,,,,,,,,,
0,0,4,46,25946,,,,,,,,,,
100,6.4,2,43.7,65702,,,,,,,,,,
0,13.6,0,38.4,242706,,,,,,,,,,
0,6.5,3,55,61830,,,,,,,,,,
100,15.7,4,44.5,131604,,,,,,,,,,
50,4.4,2,48,66800,,,,,,,,,,
100,11.2,3,42.1,160835,,,,,,,,,,
100,8.2,1,45.3,33216,,,,,,,,,,
0,7,3,44,45146,,,,,,,,,,
50,11.2,3,48.2,76944,,,,,,,,,,
50,4.4,1,38.4,64443,,,,,,,,,,
50,4.8,1,45.9,51506,,,,,,,,,,
0,12,2,41.4,279725,,,,,,,,,,
100,2.6,1,45.1,75953,,,,,,,,,,
100,3.4,2,38.5,81564,,,,,,,,,,
100,9.3,3,36.4,148432,,,,,,,,,,
0,16.9,4,46.8,29523,,,,,,,,,,
0,7.3,3,41,51128,,,,,,,,,,
50,3.6,2,42,30495,,,,,,,,,,
0,14.2,2,49.7,41320,,,,,,,,,,
50,8.2,3,41.6,128326,,,,,,,,,,
50,14,1,38.2,203398,,,,,,,,,,
0,4.3,1,52,69954,,,,,,,,,,
0,2.7,1,40.7,127813,,,,,,,,,,
100,8.9,0,47.1,68742,,,,,,,,,,
0,8.5,3,55.7,138038,,,,,,,,,,
0,9.7,1,40.5,157765,,,,,,,,,,
50,4,3,46.5,78517,,,,,,,,,,
0,2,2,52.4,72967,,,,,,,,,,
100,7.7,3,39.1,151539,,,,,,,,,,
0,3.8,1,49.5,93062,,,,,,,,,,
100,0,1,38.8,139333,,,,,,,,,,
0,5.6,1,49,72225,,,,,,,,,,
50,12.6,3,38.7,48007,,,,,,,,,,
0,6.7,3,30.2,103500,,,,,,,,,,
100,4.6,2,48.4,71075,,,,,,,,,,
100,10.9,4,39.3,104993,,,,,,,,,,
100,14.7,1,38.6,167102,,,,,,,,,,
100,13.8,1,40.1,208944,,,,,,,,,,
0,12.6,2,42.6,37605,,,,,,,,,,
100,10,3,55.2,23298,,,,,,,,,,
0,4.1,2,48.4,20880,,,,,,,,,,
100,4.8,3,48.6,88590,,,,,,,,,,
100,9,2,47.5,71365,,,,,,,,,,
0,3,1,44,90833,,,,,,,,,,
100,7.8,3,51.2,105702,,,,,,,,,,
100,22.4,4,52,248048,,,,,,,,,,
0,5.2,0,42.5,41370,,,,,,,,,,
100,2.3,2,40.4,84998,,,,,,,,,,
0,12.3,0,41.3,40602,,,,,,,,,,
100,7,0,40.5,51543,,,,,,,,,,
50,11.1,2,39.5,66447,,,,,,,,,,
100,12.1,1,46.8,52895,,,,,,,,,,
0,4.3,1,43,117644,,,,,,,,,,
50,5.6,1,38.9,35420,,,,,,,,,,
0,10.1,2,52.3,96481,,,,,,,,,,
100,6.8,3,49,59536,,,,,,,,,,
100,8.9,6,41.8,84814,,,,,,,,,,
100,16.4,1,39.3,66837,,,,,,,,,,
0,3.5,2,53.4,42155,,,,,,,,,,
100,9.4,2,43.3,108809,,,,,,,,,,
0,8.2,4,33.3,102834,,,,,,,,,,
50,14.1,0,39.8,169456,,,,,,,,,,
0,0.4,0,52.2,68490,,,,,,,,,,
0,5.8,3,45.9,95344,,,,,,,,,,
50,7.1,3,47.5,70517,,,,,,,,,,
0,12.9,4,42.5,222696,,,,,,,,,,
50,4.5,1,43.6,67620,,,,,,,,,,
50,0.4,1,43.7,91098,,,,,,,,,,
0,1,2,29.2,62726,,,,,,,,,,
0,6,1,37,105265,,,,,,,,,,
100,5.2,2,38.2,27887,,,,,,,,,,
100,10.1,0,54.4,111096,,,,,,,,,,
0,5,3,45.7,95073,,,,,,,,,,
100,5.7,0,39.2,47917,,,,,,,,,,
100,5.2,0,47.8,72983,,,,,,,,,,
100,9.6,1,39.7,131939,,,,,,,,,,
100,7,3,44.3,71642,,,,,,,,,,
0,5.5,1,46,66665,,,,,,,,,,
50,5,3,48.2,91851,,,,,,,,,,
0,11.6,3,44.6,79525,,,,,,,,,,
0,9.2,1,53.2,26838,,,,,,,,,,
100,11.2,0,50.7,50854,,,,,,,,,,
0,10.9,1,42.7,99206,,,,,,,,,,
100,8.5,4,56.6,15528,,,,,,,,,,
100,12,2,54.8,154558,,,,,,,,,,
100,0,2,38.8,22831,,,,,,,,,,
100,1.6,1,43.9,17701,,,,,,,,,,
0,4.4,1,49.7,125973,,,,,,,,,,
0,3.6,2,48.7,21904,,,,,,,,,,
100,0.2,3,35.5,50898,,,,,,,,,,
0,1.4,0,42.2,60781,,,,,,,,,,
50,11.6,2,55.6,71406,,,,,,,,,,
0,3,4,50.8,106560,,,,,,,,,,
100,2,0,39.3,69979,,,,,,,,,,
50,10.4,0,42.7,78944,,,,,,,,,,
100,5.4,4,46.6,41450,,,,,,,,,,
100,8.6,0,53.2,95590,,,,,,,,,,
0,11.3,3,48.3,76794,,,,,,,,,,
100,8,2,49.2,35036,,,,,,,,,,
0,0.2,0,44.6,56030,,,,,,,,,,
0,7.3,0,34.6,15187,,,,,,,,,,
0,1.5,0,41.4,75925,,,,,,,,,,
50,10.8,2,53.4,109619,,,,,,,,,,
50,1.8,1,41,69863,,,,,,,,,,
100,10,2,54.2,106316,,,,,,,,,,
0,0,1,38.4,36167,,,,,,,,,,
100,16.2,1,41.1,117142,,,,,,,,,,
100,5.6,3,42.4,91867,,,,,,,,,,
50,8.1,0,46.5,67894,,,,,,,,,,
50,10,1,42.6,125337,,,,,,,,,,
0,13.8,2,55.9,103090,,,,,,,,,,
100,4.3,1,50.9,18823,,,,,,,,,,
0,6.1,3,37.9,195327,,,,,,,,,,
0,15.7,2,44.2,51906,,,,,,,,,,
50,4.4,1,42.4,124973,,,,,,,,,,
50,0,0,40.8,83960,,,,,,,,,,
50,12.9,2,50.3,195449,,,,,,,,,,
50,7.3,2,44.1,127529,,,,,,,,,,
100,5.6,0,31.1,115027,,,,,,,,,,
100,10,2,51.4,75193,,,,,,,,,,
0,6.7,2,39.1,79231,,,,,,,,,,
100,11.9,6,54.6,110423,,,,,,,,,,
0,13.5,0,40.2,199224,,,,,,,,,,
100,13.8,1,55.5,134682,,,,,,,,,,
0,9.3,2,40.6,51188,,,,,,,,,,
0,11.7,1,54.6,38790,,,,,,,,,,
0,4.4,2,39,144676,,,,,,,,,,
0,4.2,1,39.7,72757,,,,,,,,,,
50,3.4,2,52.9,22030,,,,,,,,,,
50,16.5,2,45.7,200441,,,,,,,,,,
100,4,1,41.7,156223,,,,,,,,,,
50,3.2,2,45.6,197387,,,,,,,,,,
50,12.2,2,48.3,149780,,,,,,,,,,
50,13.3,2,37.5,95298,,,,,,,,,,
50,11,3,46.9,79074,,,,,,,,,,
50,13.4,3,42.5,152956,,,,,,,,,,
0,4.5,2,40.6,69154,,,,,,,,,,
50,8.3,4,41.7,27281,,,,,,,,,,
0,16.3,0,54.2,92885,,,,,,,,,,
100,2.7,4,35.2,29203,,,,,,,,,,
0,5.5,1,48.5,81801,,,,,,,,,,
0,6.4,5,42.2,67046,,,,,,,,,,
100,5.3,1,46.2,131056,,,,,,,,,,
0,5.9,2,38.8,145561,,,,,,,,,,
0,11,1,48.6,30907,,,,,,,,,,
50,6,0,42.3,132569,,,,,,,,,,
100,2.3,1,52.2,111659,,,,,,,,,,
0,7.8,1,47.2,33421,,,,,,,,,,
50,5.1,1,46.3,73166,,,,,,,,,,
0,1.2,1,31.9,56713,,,,,,,,,,
0,5.3,1,29,73695,,,,,,,,,,
100,10.7,5,45.1,126052,,,,,,,,,,
0,13.2,2,43.5,52309,,,,,,,,,,
50,8.9,1,44.3,89932,,,,,,,,,,
100,9.9,4,49.4,41454,,,,,,,,,,
50,3.1,0,38.2,52908,,,,,,,,,,
0,11.9,3,44.1,222646,,,,,,,,,,
50,21.5,3,34,216862,,,,,,,,,,
50,15.8,3,40.2,128077,,,,,,,,,,
0,4.5,0,39,63503,,,,,,,,,,
50,0.8,4,44,109238,,,,,,,,,,
50,5.2,5,42.1,22045,,,,,,,,,,
100,3,2,46.9,29084,,,,,,,,,,
50,17.7,2,45.8,71647,,,,,,,,,,
100,2,1,50.8,45681,,,,,,,,,,
0,6,2,40,19081,,,,,,,,,,
50,20.2,3,54.7,178659,,,,,,,,,,
0,13.2,1,38.2,113254,,,,,,,,,,
100,10.9,4,52.1,116688,,,,,,,,,,
0,7.7,2,42.3,36976,,,,,,,,,,
50,6,2,46.7,184513,,,,,,,,,,
0,9.9,3,39.4,62614,,,,,,,,,,
100,3.6,0,32.6,22656,,,,,,,,,,
0,11.9,1,44.5,28874,,,,,,,,,,
50,3,3,32.8,71793,,,,,,,,,,
0,6.5,2,36.8,88968,,,,,,,,,,
100,13.6,3,47.2,189385,,,,,,,,,,
0,0.4,2,43.6,58294,,,,,,,,,,
0,11,1,53.2,54134,,,,,,,,,,
0,10,4,40.1,38907,,,,,,,,,,
50,8.9,3,49.4,37782,,,,,,,,,,
50,6.5,1,32.1,175998,,,,,,,,,,
0,7.4,0,55.2,91955,,,,,,,,,,
100,8.8,1,50.9,78945,,,,,,,,,,
0,14.1,0,43.8,340188,,,,,,,,,,
0,0.1,0,33.3,57669,,,,,,,,,,
50,8.8,1,43.1,38425,,,,,,,,,,
50,7,2,46.4,162132,,,,,,,,,,
0,9.5,0,47.8,147108,,,,,,,,,,
0,12.8,1,56.2,117424,,,,,,,,,,
0,10.6,5,42.9,155297,,,,,,,,,,
100,6.7,0,47.6,193741,,,,,,,,,,
50,0,1,45.5,76295,,,,,,,,,,
0,5.9,5,59.1,42573,,,,,,,,,,
50,15.7,1,55.9,212303,,,,,,,,,,
100,12.7,1,49.3,54461,,,,,,,,,,
0,7.6,4,38.7,58292,,,,,,,,,,
0,12.3,1,49.8,126026,,,,,,,,,,
0,11,0,31.8,63004,,,,,,,,,,
50,13,2,46.6,99347,,,,,,,,,,
100,2.8,2,38.3,23737,,,,,,,,,,
50,0.5,1,46.3,33490,,,,,,,,,,
0,7.6,1,40.4,151839,,,,,,,,,,
50,17.9,1,51.8,149822,,,,,,,,,,
0,4.3,2,42.8,23930,,,,,,,,,,
100,9.8,1,43.3,180321,,,,,,,,,,
0,11.9,3,58.7,189025,,,,,,,,,,
50,6.1,1,38.7,74593,,,,,,,,,,
100,4.1,1,40.2,68773,,,,,,,,,,
50,5.5,1,45.7,45181,,,,,,,,,,
100,3.3,0,34.9,45249,,,,,,,,,,
50,13.7,2,39.7,281814,,,,,,,,,,
50,10.6,2,39.5,62740,,,,,,,,,,
50,12.4,5,48.6,78254,,,,,,,,,,
50,6.9,4,42.5,44717,,,,,,,,,,
100,7.5,1,49.2,106383,,,,,,,,,,
100,4.3,1,37.4,29467,,,,,,,,,,
50,8.6,0,47.6,71492,,,,,,,,,,
100,5.7,2,50.2,77986,,,,,,,,,,
0,15.5,2,45.7,183514,,,,,,,,,,
0,8.5,1,37.2,156163,,,,,,,,,,
50,2.3,2,44.5,36103,,,,,,,,,,
0,9.2,1,39.4,132970,,,,,,,,,,
100,5.2,1,42.8,64072,,,,,,,,,,
50,7.4,0,40.2,69877,,,,,,,,,,
50,9,2,42.8,98580,,,,,,,,,,
50,6.4,4,43.3,52227,,,,,,,,,,
0,5.3,2,38.4,137120,,,,,,,,,,
100,1.8,0,38.4,60005,,,,,,,,,,
0,7.1,4,40.1,131767,,,,,,,,,,
100,5.1,1,54.6,15013,,,,,,,,,,
50,1.9,1,44.1,54986,,,,,,,,,,
50,8.8,2,51.5,24917,,,,,,,,,,
100,0.5,2,43.4,83115,,,,,,,,,,
0,12.3,2,41.9,117317,,,,,,,,,,
0,9,1,30.9,99484,,,,,,,,,,
50,5.8,1,50.9,25035,,,,,,,,,,
50,5.3,2,37.9,98464,,,,,,,,,,
0,16.5,1,56,219995,,,,,,,,,,
100,10,1,48.7,89893,,,,,,,,,,
50,5.2,1,33.2,48605,,,,,,,,,,
0,18.1,4,34.6,309068,,,,,,,,,,
100,13.5,2,39,36301,,,,,,,,,,
50,5.9,4,35.8,53992,,,,,,,,,,
0,12.5,4,47.7,128237,,,,,,,,,,
0,10.5,2,38.4,42537,,,,,,,,,,
50,5.4,3,47.5,86029,,,,,,,,,,
50,7.4,0,34.7,36183,,,,,,,,,,
100,4.9,1,53.3,135333,,,,,,,,,,
50,0.1,0,45.4,39007,,,,,,,,,,
100,3.1,1,42.3,159926,,,,,,,,,,
50,8,2,46.9,19459,,,,,,,,,,
0,1.3,2,51.3,37366,,,,,,,,,,
100,11.5,1,48,171878,,,,,,,,,,
100,1.4,4,36.8,49209,,,,,,,,,,
100,1,0,42.5,67964,,,,,,,,,,
50,15.6,3,50.4,178738,,,,,,,,,,
50,0,4,49.3,66519,,,,,,,,,,
0,9.3,1,39,105586,,,,,,,,,,
50,10.4,4,44.4,127411,,,,,,,,,,
100,9,1,45.3,35275,,,,,,,,,,
100,8.5,2,40,67977,,,,,,,,,,
100,13,3,42.1,172519,,,,,,,,,,
0,14.8,1,42.4,165612,,,,,,,,,,
0,9.7,0,38.3,82897,,,,,,,,,,
100,14.8,6,48.8,176217,,,,,,,,,,
0,14.9,3,44.6,106962,,,,,,,,,,
0,12.8,1,42.7,53674,,,,,,,,,,
0,9.8,1,51.9,174989,,,,,,,,,,
0,4.8,3,31.9,55594,,,,,,,,,,
0,6.8,2,34.2,154020,,,,,,,,,,
50,6.5,3,33,69504,,,,,,,,,,
100,2.7,1,42.5,63748,,,,,,,,,,
100,5.1,3,43.9,94386,,,,,,,,,,
100,6.2,1,42.8,141350,,,,,,,,,,
100,5.1,0,43.3,67362,,,,,,,,,,
50,1.5,1,36.8,46956,,,,,,,,,,
100,5.6,2,39.6,31139,,,,,,,,,,
50,8.2,3,42,122283,,,,,,,,,,
100,10.5,7,46.4,130203,,,,,,,,,,
50,1.4,0,38,43179,,,,,,,,,,
50,12.8,4,48.4,254242,,,,,,,,,,
100,7.6,1,46.3,111723,,,,,,,,,,
100,0.8,1,43.3,28197,,,,,,,,,,
100,5.7,3,46.2,30480,,,,,,,,,,
100,1.2,0,33.2,52162,,,,,,,,,,
0,10.3,1,43.9,47320,,,,,,,,,,
0,0.8,2,41.4,71882,,,,,,,,,,
50,12.4,3,50.6,176429,,,,,,,,,,
50,0,1,38.2,43615,,,,,,,,,,
0,11.2,1,51.1,91809,,,,,,,,,,
0,10,1,45.9,92126,,,,,,,,,,
100,3.8,3,42.3,50749,,,,,,,,,,
50,16.2,1,49.8,168425,,,,,,,,,,
0,2.9,1,46.5,76666,,,,,,,,,,
100,14.4,3,55.1,218144,,,,,,,,,,
50,5.2,1,35.6,105078,,,,,,,,,,
0,11.3,1,43.7,99868,,,,,,,,,,
100,6.1,2,48.7,36132,,,,,,,,,,
0,11.4,1,42.1,73579,,,,,,,,,,
0,10,3,40.7,133729,,,,,,,,,,
0,8.4,2,45.1,42525,,,,,,,,,,
50,13.5,5,47,95575,,,,,,,,,,
50,7.2,5,48.7,43423,,,,,,,,,,
50,10.2,1,40.5,125947,,,,,,,,,,
50,0.4,0,36.9,60841,,,,,,,,,,
50,10.5,1,50.9,115455,,,,,,,,,,
100,9.9,1,39.4,121126,,,,,,,,,,
0,7,1,34.2,32887,,,,,,,,,,
0,2.8,1,48.4,22408,,,,,,,,,,
0,6.2,3,37.1,100749,,,,,,,,,,
100,15.2,4,45.6,167431,,,,,,,,,,
50,3.1,1,45.6,32340,,,,,,,,,,
0,0.8,0,38.5,97814,,,,,,,,,,
0,4.3,1,42.3,28059,,,,,,,,,,
0,6.4,0,42.1,99914,,,,,,,,,,
0,0,3,44.5,50919,,,,,,,,,,
0,3.5,1,39.9,58498,,,,,,,,,,
100,3,0,42.6,77170,,,,,,,,,,
50,10.6,1,44.7,118248,,,,,,,,,,
50,13.8,4,46.7,92222,,,,,,,,,,
100,14.6,1,52.2,209890,,,,,,,,,,
100,3.1,1,35.7,41460,,,,,,,,,,
100,7.5,0,41.3,116623,,,,,,,,,,
50,10.6,4,52.5,34669,,,,,,,,,,
0,1.3,0,41.2,135376,,,,,,,,,,
100,15.6,4,51.6,240677,,,,,,,,,,
0,18.2,2,54.7,40647,,,,,,,,,,
0,5.4,1,50.6,27487,,,,,,,,,,
0,16.5,1,47.6,64511,,,,,,,,,,
100,12.8,3,46.9,204268,,,,,,,,,,
100,7,1,39.6,33260,,,,,,,,,,
100,5.2,0,45.6,101718,,,,,,,,,,
100,11.8,3,55.1,174046,,,,,,,,,,
100,6.9,2,50.9,24578,,,,,,,,,,
0,6.9,3,41.5,61896,,,,,,,,,,
0,9,1,50.5,192161,,,,,,,,,,
0,8.2,2,36.5,195112,,,,,,,,,,
100,9.4,0,49.4,142380,,,,,,,,,,
0,6.5,0,31.2,120096,,,,,,,,,,
0,5.3,2,45.4,92031,,,,,,,,,,
0,0,0,37.6,58697,,,,,,,,,,
0,16.6,2,48.2,45182,,,,,,,,,,
0,7.6,1,43.3,38562,,,,,,,,,,
50,1.7,3,43.3,30906,,,,,,,,,,
100,2.2,2,41,53986,,,,,,,,,,
50,7,0,40.4,102424,,,,,,,,,,
50,9.2,2,45.6,34844,,,,,,,,,,
50,7.5,0,55.2,86338,,,,,,,,,,
0,12.2,5,39.6,150569,,,,,,,,,,
100,5.5,2,42.9,83383,,,,,,,,,,
100,6.6,0,45.2,84894,,,,,,,,,,
0,6,5,46,76294,,,,,,,,,,
100,11.3,2,43.5,61853,,,,,,,,,,
0,9.4,2,40.2,138035,,,,,,,,,,
0,10.2,2,40.1,80755,,,,,,,,,,
50,18.3,1,47.1,116777,,,,,,,,,,
50,11.3,3,47.2,163871,,,,,,,,,,
50,3.9,2,30.9,42467,,,,,,,,,,
100,15.4,1,40.1,72920,,,,,,,,,,
50,6.8,1,49.2,64989,,,,,,,,,,
0,11.2,1,36.2,85262,,,,,,,,,,
0,12,2,41.2,44017,,,,,,,,,,
50,19.7,5,43.4,205833,,,,,,,,,,
50,6.1,0,45.4,132080,,,,,,,,,,
0,5.6,1,45.9,89403,,,,,,,,,,
0,10.4,1,50.8,39966,,,,,,,,,,
100,10.4,2,42.1,53897,,,,,,,,,,
0,6.6,0,44.9,74491,,,,,,,,,,
100,3.6,1,44.1,259057,,,,,,,,,,
0,0.7,2,38.2,45215,,,,,,,,,,
100,5.8,3,33.7,26850,,,,,,,,,,
0,18,2,45,154728,,,,,,,,,,
0,5.8,3,42.1,103053,,,,,,,,,,
100,12,0,40.8,200105,,,,,,,,,,
0,8.7,2,50.2,77966,,,,,,,,,,
50,4.5,1,40.9,143738,,,,,,,,,,
0,10.5,1,55.1,89626,,,,,,,,,,
0,19.6,1,47.9,140591,,,,,,,,,,
0,15.5,2,48.6,256048,,,,,,,,,,
100,9.4,2,43.5,180468,,,,,,,,,,
0,3.5,2,53.6,28783,,,,,,,,,,
100,19.8,1,49,261041,,,,,,,,,,
50,8.3,1,47.7,178467,,,,,,,,,,
50,15.6,5,45.2,118678,,,,,,,,,,
50,1.8,1,36,79425,,,,,,,,,,
0,11.2,2,36.7,84673,,,,,,,,,,
0,19.8,4,45.6,57167,,,,,,,,,,
0,3.2,1,48.2,26088,,,,,,,,,,
100,8.6,0,43.9,169098,,,,,,,,,,
50,1.1,0,54.7,44524,,,,,,,,,,
100,5,2,42,41323,,,,,,,,,,
0,6.5,2,45.3,52413,,,,,,,,,,
0,10.9,4,54.3,169360,,,,,,,,,,
100,12.5,3,40.7,115110,,,,,,,,,,
0,9.7,1,56.7,131812,,,,,,,,,,
50,5.2,2,40,67264,,,,,,,,,,
100,7.6,2,47.8,45680,,,,,,,,,,
0,8.3,0,35.3,50354,,,,,,,,,,
50,7.8,1,45.6,82142,,,,,,,,,,
50,12.7,1,53.9,122613,,,,,,,,,,
50,9.2,1,43.6,31268,,,,,,,,,,
0,17.8,2,54.4,59685,,,,,,,,,,
100,10.8,0,39.9,253377,,,,,,,,,,
100,15.2,1,47.4,60598,,,,,,,,,,
100,8.5,2,46,149213,,,,,,,,,,
0,11.9,1,49.1,110235,,,,,,,,,,
50,4.7,1,39,39439,,,,,,,,,,
100,6.8,1,45.6,119895,,,,,,,,,,
100,6.4,2,52.2,93634,,,,,,,,,,
0,16.4,3,53.6,237862,,,,,,,,,,
50,4.5,2,47.4,83636,,,,,,,,,,
0,13.1,5,32.2,136683,,,,,,,,,,
100,16.8,1,37.6,26087,,,,,,,,,,
50,12,2,40.6,45767,,,,,,,,,,
0,4.8,1,37.5,26812,,,,,,,,,,
50,11.6,3,41.6,199586,,,,,,,,,,
100,7.8,3,39.7,80205,,,,,,,,,,
50,11.4,3,46.8,138750,,,,,,,,,,
0,11,0,51.6,98425,,,,,,,,,,
0,4.4,1,42.1,40174,,,,,,,,,,
100,6.6,1,47.9,41399,,,,,,,,,,
50,6.8,1,52,88526,,,,,,,,,,
0,0,4,32.6,67154,,,,,,,,,,
0,10.6,5,44.5,150802,,,,,,,,,,
0,7.4,2,40.8,86555,,,,,,,,,,
50,3,0,46.9,91931,,,,,,,,,,
50,5.3,2,33.8,95069,,,,,,,,,,
50,14.3,6,48.4,201474,,,,,,,,,,
0,4.9,4,37.4,72683,,,,,,,,,,
0,7.4,2,48.8,133373,,,,,,,,,,
0,0,1,44,41948,,,,,,,,,,
0,0.9,1,56.4,41252,,,,,,,,,,
0,8.8,1,42.4,128969,,,,,,,,,,
0,9.9,3,42.3,88988,,,,,,,,,,
100,9.3,3,38.4,105353,,,,,,,,,,
100,19.9,1,55.9,119942,,,,,,,,,,
100,7.4,2,48.8,208418,,,,,,,,,,
50,0,3,51.2,21966,,,,,,,,,,
100,7.9,2,40.1,77251,,,,,,,,,,
50,9.1,2,52.5,58617,,,,,,,,,,
100,6.4,3,42.8,94612,,,,,,,,,,
0,22.6,2,52.4,110523,,,,,,,,,,
0,15.5,3,41,38883,,,,,,,,,,
50,9,5,48.8,79007,,,,,,,,,,
0,8.2,4,37.1,88961,,,,,,,,,,
100,11.9,4,50.7,110316,,,,,,,,,,
0,8.1,4,46.4,101758,,,,,,,,,,
50,7,0,45.3,59891,,,,,,,,,,
0,8.8,3,41.5,68168,,,,,,,,,,
0,12.2,4,54.8,111534,,,,,,,,,,
100,9.5,1,44.2,83862,,,,,,,,,,
100,11.5,2,45.2,112342,,,,,,,,,,
0,7.4,0,60.8,106026,,,,,,,,,,
100,14.4,3,43.5,177564,,,,,,,,,,
100,8.1,1,45.4,114653,,,,,,,,,,
100,9.5,1,36.4,158984,,,,,,,,,,
0,10.3,3,40.5,36373,,,,,,,,,,
0,8.6,4,48.8,161876,,,,,,,,,,
50,0.4,2,42.2,19728,,,,,,,,,,
50,11.9,1,46.1,110412,,,,,,,,,,
50,10.4,1,45.3,103270,,,,,,,,,,
0,6.6,2,40.4,29171,,,,,,,,,,
100,0,1,37.7,47058,,,,,,,,,,
50,0.6,2,37.9,35800,,,,,,,,,,
0,3.7,0,37.7,42195,,,,,,,,,,
0,4.7,4,40.7,93489,,,,,,,,,,
0,1.6,3,38.5,32249,,,,,,,,,,
0,6.5,2,32.6,109701,,,,,,,,,,
0,5.8,2,35.6,39704,,,,,,,,,,
50,11.2,2,47.7,206925,,,,,,,,,,
100,12,0,56.5,161586,,,,,,,,,,
0,7.3,1,31.1,119637,,,,,,,,,,
50,0.9,1,45.5,24626,,,,,,,,,,
0,1.9,2,32.7,67145,,,,,,,,,,
0,8.1,1,51.2,67590,,,,,,,,,,
50,7.1,0,48.5,64820,,,,,,,,,,
0,10.9,0,48.6,124257,,,,,,,,,,
50,12.4,2,51.6,126713,,,,,,,,,,
100,9.6,5,38.2,61377,,,,,,,,,,
100,5.2,2,40.9,116807,,,,,,,,,,
100,2.3,1,39.3,76281,,,,,,,,,,
0,8.4,0,42.8,79489,,,,,,,,,,
0,2.4,2,43.8,91042,,,,,,,,,,
0,8.3,3,38.8,75226,,,,,,,,,,
100,1,1,51.7,61864,,,,,,,,,,
50,8.5,1,35,77112,,,,,,,,,,
50,4.7,1,50.5,107040,,,,,,,,,,
50,4.5,2,42.5,35678,,,,,,,,,,
50,7.4,3,40.7,82411,,,,,,,,,,
50,8.5,3,48.9,49490,,,,,,,,,,
50,8,2,34.3,30442,,,,,,,,,,
0,7.7,0,47.4,114382,,,,,,,,,,
0,13.9,3,40.7,163376,,,,,,,,,,
0,3.9,0,39.5,23684,,,,,,,,,,
100,4.3,1,42.9,129655,,,,,,,,,,
50,4.5,2,49.7,26823,,,,,,,,,,
0,12.1,2,59.1,117914,,,,,,,,,,
100,5.7,6,37,47431,,,,,,,,,,
0,2.7,1,26,47494,,,,,,,,,,
0,11.2,1,49.6,46138,,,,,,,,,,
50,11.4,3,41.4,27756,,,,,,,,,,
100,3.1,2,47.6,29513,,,,,,,,,,
0,13.4,1,53.3,125374,,,,,,,,,,
50,14.5,3,51.7,105774,,,,,,,,,,
0,10.4,3,35,93816,,,,,,,,,,
100,8.7,3,37.9,156388,,,,,,,,,,
0,16.4,1,50.7,129328,,,,,,,,,,
100,5.8,1,35.6,106200,,,,,,,,,,
50,11.8,2,48,153385,,,,,,,,,,
0,13.4,4,40.3,44732,,,,,,,,,,
100,13.4,4,55.2,115316,,,,,,,,,,
100,6.6,1,47.2,33327,,,,,,,,,,
50,14.9,3,45.7,263082,,,,,,,,,,
100,2.5,0,44.5,70698,,,,,,,,,,
0,6.2,2,30.2,91245,,,,,,,,,,
50,8.6,2,41.1,129144,,,,,,,,,,
0,8.7,2,39.2,21757,,,,,,,,,,
0,5.6,2,50.1,120583,,,,,,,,,,
0,12.1,4,34.6,184947,,,,,,,,,,
50,4.6,2,36.2,47687,,,,,,,,,,
0,9.3,4,46.7,72901,,,,,,,,,,
0,0.9,3,54.5,51917,,,,,,,,,,
100,7.2,2,43.4,116217,,,,,,,,,,
100,21.2,0,49.6,206932,,,,,,,,,,
0,2.7,2,52.7,29489,,,,,,,,,,
100,11.6,2,50.6,57908,,,,,,,,,,
50,19.9,2,47.8,265904,,,,,,,,,,
0,9.9,1,50.4,72027,,,,,,,,,,
0,2.3,1,32.4,84361,,,,,,,,,,
50,3.7,1,40.3,95206,,,,,,,,,,
0,14.2,4,41.9,192606,,,,,,,,,,
100,3.6,3,38.4,45527,,,,,,,,,,
50,2,4,40.2,115343,,,,,,,,,,
0,14.9,2,53.4,154193,,,,,,,,,,
0,17.2,2,54.5,62337,,,,,,,,,,
0,3.4,1,46.5,43021,,,,,,,,,,
50,4,0,44.7,16994,,,,,,,,,,
100,3.6,0,46.7,40934,,,,,,,,,,
0,9.3,2,48.2,174315,,,,,,,,,,
100,4.9,4,49.5,111223,,,,,,,,,,
100,1.1,5,46.3,112748,,,,,,,,,,
50,5.2,2,47.2,23398,,,,,,,,,,
100,3.9,0,47.2,124627,,,,,,,,,,
0,14,2,37.3,75165,,,,,,,,,,
0,13.1,1,44.5,47463,,,,,,,,,,
0,9.1,3,47.1,86701,,,,,,,,,,
100,11.6,1,48.1,61332,,,,,,,,,,
100,16.3,1,40.9,64860,,,,,,,,,,
50,11.3,2,47.2,114747,,,,,,,,,,
100,4.7,2,43.3,94054,,,,,,,,,,
0,5.5,2,48.2,113072,,,,,,,,,,
100,2.2,3,42.3,67991,,,,,,,,,,
0,2.7,1,45.2,56116,,,,,,,,,,
0,10.4,2,35,32076,,,,,,,,,,
50,12.4,3,41.8,111276,,,,,,,,,,
100,7.7,2,43.2,66448,,,,,,,,,,
0,7.5,2,43.7,170197,,,,,,,,,,
0,10.2,0,34.2,47269,,,,,,,,,,
50,9,1,51.5,102886,,,,,,,,,,
0,13.8,4,61.4,41708,,,,,,,,,,
0,4.4,2,48.9,92577,,,,,,,,,,
50,6.3,2,46,146164,,,,,,,,,,
100,5.3,2,50.8,39570,,,,,,,,,,
50,10,1,41.7,76536,,,,,,,,,,
0,19.8,4,57.4,147851,,,,,,,,,,
50,3.3,1,37.9,91912,,,,,,,,,,
100,3.9,1,53.2,75366,,,,,,,,,,
50,5.8,0,51,109390,,,,,,,,,,
0,16,5,52.1,208940,,,,,,,,,,
50,15.6,2,37.3,213369,,,,,,,,,,
100,14,2,61.2,261641,,,,,,,,,,
50,2.5,3,45.3,63072,,,,,,,,,,
100,3.9,2,52.8,33185,,,,,,,,,,
100,7,6,39.8,69883,,,,,,,,,,
0,15,2,44.2,140049,,,,,,,,,,
100,6.4,2,36.8,95109,,,,,,,,,,
100,1.7,5,50.1,23353,,,,,,,,,,
0,18,3,49.1,140111,,,,,,,,,,
0,11.7,2,47.4,168392,,,,,,,,,,
0,7.9,3,34.6,203297,,,,,,,,,,
0,9.7,2,49.7,32845,,,,,,,,,,
50,4.6,0,44.8,37614,,,,,,,,,,
0,11.5,1,39.9,46755,,,,,,,,,,
0,5.6,1,44.6,90543,,,,,,,,,,
50,0.8,1,48.5,59851,,,,,,,,,,
100,7.8,1,46.6,81723,,,,,,,,,,
50,9.8,0,39.5,56040,,,,,,,,,,
50,14,0,46.4,249094,,,,,,,,,,
50,12.1,3,52.2,89553,,,,,,,,,,
100,12.1,0,35.5,85349,,,,,,,,,,
0,10.6,1,55.7,30134,,,,,,,,,,
0,3.1,0,44.3,28150,,,,,,,,,,
0,4.9,1,51.7,117732,,,,,,,,,,
0,5.6,2,45.5,134620,,,,,,,,,,
50,10.7,1,55.5,122685,,,,,,,,,,
0,7.6,2,46.5,100359,,,,,,,,,,
50,2.8,0,56.3,63995,,,,,,,,,,
50,10.3,4,49.8,112068,,,,,,,,,,
0,2.8,0,48.1,66783,,,,,,,,,,
100,0.8,0,44.8,41331,,,,,,,,,,
0,5.1,3,45.7,138574,,,,,,,,,,
100,12.8,2,43.7,144712,,,,,,,,,,
50,2.8,1,43,32256,,,,,,,,,,
50,19.1,4,57.8,176947,,,,,,,,,,
50,15,3,50.6,165093,,,,,,,,,,
0,13.1,3,50.5,114929,,,,,,,,,,
50,10.3,2,35.1,132201,,,,,,,,,,
100,5.8,2,54,41410,,,,,,,,,,
0,8.9,0,42.5,114338,,,,,,,,,,
0,19.3,1,32.2,113701,,,,,,,,,,
100,9.6,2,29.8,118428,,,,,,,,,,
50,5.3,2,39.9,40420,,,,,,,,,,
100,6.8,1,46.8,26225,,,,,,,,,,
0,14.1,0,48,120495,,,,,,,,,,
50,4.5,0,53,42254,,,,,,,,,,
100,2.4,0,36.1,69591,,,,,,,,,,
0,12.2,2,49.3,159959,,,,,,,,,,
100,0.8,0,31.4,82730,,,,,,,,,,
50,5.7,3,56.9,49545,,,,,,,,,,
100,5.7,1,46.4,12000,,,,,,,,,,
0,9.3,4,48.6,184577,,,,,,,,,,
0,1.1,1,50.3,58411,,,,,,,,,,
0,9.6,3,32,88637,,,,,,,,,,
100,11,0,50.3,36709,,,,,,,,,,
100,0.3,0,38.5,27950,,,,,,,,,,
0,6.4,4,45.5,34329,,,,,,,,,,
50,3.5,4,38.4,30362,,,,,,,,,,
0,19.5,3,54.1,214103,,,,,,,,,,
50,0.2,4,39.1,106655,,,,,,,,,,
0,12.6,1,48.8,102830,,,,,,,,,,
50,2.7,2,44.9,56124,,,,,,,,,,
100,1.4,2,33.9,94114,,,,,,,,,,
0,10.7,4,38.2,58343,,,,,,,,,,
0,1.6,2,31.3,46385,,,,,,,,,,
100,1.2,1,28.8,99489,,,,,,,,,,
0,10.6,2,46.4,52334,,,,,,,,,,
0,3.9,1,44.8,100875,,,,,,,,,,
100,2.4,0,34.7,77310,,,,,,,,,,
0,12.6,4,38.7,103525,,,,,,,,,,
50,6,0,41.9,20640,,,,,,,,,,
100,6.2,1,45.6,25814,,,,,,,,,,
0,3.7,1,37.7,18587,,,,,,,,,,
100,7,3,40.9,70326,,,,,,,,,,
0,11.7,0,41.9,199177,,,,,,,,,,
100,8.1,0,44.4,61369,,,,,,,,,,
50,4.8,0,44.8,177107,,,,,,,,,,
50,6.3,0,46,36819,,,,,,,,,,
100,5.3,2,39.2,126435,,,,,,,,,,
50,8,0,37.1,114608,,,,,,,,,,
0,14.6,3,39.7,166716,,,,,,,,,,
50,10.4,4,44.7,137280,,,,,,,,,,
0,15.1,7,46.1,127579,,,,,,,,,,
50,8.9,2,48.2,138957,,,,,,,,,,
0,4.6,3,37.8,67283,,,,,,,,,,
0,13.5,2,41,100151,,,,,,,,,,
100,4.8,1,53.1,61170,,,,,,,,,,
0,16.9,4,42.8,142640,,,,,,,,,,
100,8.7,1,39.7,66879,,,,,,,,,,
100,17.7,3,52,127776,,,,,,,,,,
50,5.6,0,51.7,112778,,,,,,,,,,
0,13.5,0,28.4,120136,,,,,,,,,,
100,14.4,1,40.6,56151,,,,,,,,,,
0,12.6,4,54.5,130438,,,,,,,,,,
0,10.9,2,41.5,173063,,,,,,,,,,
0,2.5,1,40.7,101417,,,,,,,,,,
100,4.9,0,49.4,41791,,,,,,,,,,
50,7.9,1,53.1,152998,,,,,,,,,,
50,17.6,4,48.3,196876,,,,,,,,,,
0,12.6,1,47.1,91703,,,,,,,,,,
0,0.2,2,50.1,13361,,,,,,,,,,
50,10.9,3,36.1,163251,,,,,,,,,,
50,3.2,2,47.9,67945,,,,,,,,,,
0,16.7,3,44.8,140214,,,,,,,,,,
0,5.6,1,50,88733,,,,,,,,,,
0,11,5,41.5,40228,,,,,,,,,,
50,8.4,2,49.1,213797,,,,,,,,,,
100,10,0,46.8,57902,,,,,,,,,,
50,16.8,0,40.6,112133,,,,,,,,,,
100,6.7,1,39.3,85668,,,,,,,,,,
100,1.9,1,47.3,51990,,,,,,,,,,
100,0.8,1,36.7,77382,,,,,,,,,,
0,14.2,1,45.7,126014,,,,,,,,,,
50,3.5,2,39.4,28907,,,,,,,,,,
0,2.1,2,47.7,53725,,,,,,,,,,
100,2,0,28.9,63605,,,,,,,,,,
50,12.6,4,37.1,167944,,,,,,,,,,
0,7.3,3,57.5,71736,,,,,,,,,,
0,0.9,2,48.3,12422,,,,,,,,,,
100,6.3,0,36.2,104986,,,,,,,,,,
50,12.5,3,45.2,118084,,,,,,,,,,
50,11.1,3,43.1,81564,,,,,,,,,,
50,4.6,1,38.7,43861,,,,,,,,,,
0,7.1,1,39.4,89482,,,,,,,,,,
0,0.1,2,40.7,32476,,,,,,,,,,
50,8.9,0,46,152852,,,,,,,,,,
100,17.8,3,41.5,247403,,,,,,,,,,
50,3.2,4,45.7,21522,,,,,,,,,,
0,9.4,0,48.3,66663,,,,,,,,,,
0,8.9,4,43.9,129949,,,,,,,,,,
0,10.8,1,51.8,119165,,,,,,,,,,
0,5.8,2,43.4,78132,,,,,,,,,,
0,7.1,2,51.2,23626,,,,,,,,,,
0,8.3,2,50.9,154435,,,,,,,,,,
100,11,3,44.1,47267,,,,,,,,,,
50,10.5,2,46.3,60994,,,,,,,,,,
100,18.4,1,42.3,166737,,,,,,,,,,
100,3.6,1,50.4,136232,,,,,,,,,,
50,6.1,1,52.4,96140,,,,,,,,,,
0,4.3,2,42.6,29741,,,,,,,,,,
100,7.6,2,51,82825,,,,,,,,,,
50,9.7,1,42.4,79011,,,,,,,,,,
100,17.4,2,46,266049,,,,,,,,,,
100,9.6,2,43.4,51733,,,,,,,,,,
0,17.2,0,42.9,246724,,,,,,,,,,
50,14.2,4,41.8,65870,,,,,,,,,,
50,1.5,2,37.1,23550,,,,,,,,,,
50,2.2,2,34.4,74664,,,,,,,,,,
0,1.7,0,48.3,19534,,,,,,,,,,
100,15.5,3,38.7,179649,,,,,,,,,,
0,8.7,1,37.2,100131,,,,,,,,,,
100,8.4,0,49.1,149756,,,,,,,,,,
50,5.9,1,40.7,24447,,,,,,,,,,
0,6.5,4,36.4,79748,,,,,,,,,,
0,9.6,2,38.6,94094,,,,,,,,,,
100,3.9,0,45.6,41136,,,,,,,,,,
50,6.7,4,41.8,29681,,,,,,,,,,
50,10.1,1,52.8,209998,,,,,,,,,,
0,19.5,3,51.3,143774,,,,,,,,,,
0,5,2,54.7,40114,,,,,,,,,,
50,6,3,52.2,68283,,,,,,,,,,
0,6.8,2,46.4,129011,,,,,,,,,,
100,15.1,5,45.7,162716,,,,,,,,,,
0,10.5,4,45.3,51802,,,,,,,,,,
50,6.6,3,43.5,92456,,,,,,,,,,
0,7.2,0,48.7,115004,,,,,,,,,,
100,2.1,0,41.1,58048,,,,,,,,,,
0,19.8,2,51.2,74785,,,,,,,,,,
0,5.4,2,44,82304,,,,,,,,,,
0,9.7,4,41.3,58696,,,,,,,,,,
100,5.2,1,32.9,94260,,,,,,,,,,
100,2.2,1,34.9,22666,,,,,,,,,,
0,8.9,2,50.4,85462,,,,,,,,,,
0,11.3,4,55.1,110776,,,,,,,,,,
0,10.1,1,39.1,59478,,,,,,,,,,
50,7.6,0,42.2,135280,,,,,,,,,,
0,9.2,2,55.5,144506,,,,,,,,,,
100,11.8,1,35.4,195520,,,,,,,,,,
100,8.5,1,49.1,122669,,,,,,,,,,
50,14.6,1,49.5,44643,,,,,,,,,,
100,1.6,2,33.9,116088,,,,,,,,,,
100,10,0,47.2,56172,,,,,,,,,,
100,2.3,0,44.5,68104,,,,,,,,,,
0,8.3,2,50.7,113010,,,,,,,,,,
0,3.7,1,41,129611,,,,,,,,,,
100,6.6,2,36.2,61379,,,,,,,,,,
0,9.8,2,45.4,129465,,,,,,,,,,
100,6.1,3,43,105414,,,,,,,,,,
0,0,0,39,117773,,,,,,,,,,
100,3.9,0,48.5,39771,,,,,,,,,,
50,9.4,3,45,118810,,,,,,,,,,
0,0.4,1,55.5,49921,,,,,,,,,,
0,8.4,1,36.3,145701,,,,,,,,,,
100,8.2,0,44.6,98347,,,,,,,,,,
0,3.5,2,29.2,17176,,,,,,,,,,
0,5,1,45.8,85632,,,,,,,,,,
0,0.2,0,38.4,23989,,,,,,,,,,
0,7.4,0,45.6,158782,,,,,,,,,,
0,1,1,44.9,115266,,,,,,,,,,
0,6.5,2,50.6,80630,,,,,,,,,,
100,9,1,49.2,147979,,,,,,,,,,
0,9.8,1,44.3,83368,,,,,,,,,,
0,1.3,1,46.4,60092,,,,,,,,,,
0,15.9,1,44.5,127884,,,,,,,,,,
0,4.2,1,41.8,28533,,,,,,,,,,
0,13.6,4,48.8,119915,,,,,,,,,,
50,7.2,0,55.1,29817,,,,,,,,,,
0,5.7,1,41.9,143009,,,,,,,,,,
50,15,3,36.7,74578,,,,,,,,,,
0,3.1,4,47.4,101118,,,,,,,,,,
0,3.4,2,46.7,44525,,,,,,,,,,
0,15.5,3,52.9,87246,,,,,,,,,,
0,5.3,1,49.3,42620,,,,,,,,,,
50,10.4,5,42.7,105013,,,,,,,,,,
100,12.8,3,50.9,141273,,,,,,,,,,
0,12.5,4,45.3,72608,,,,,,,,,,
0,0,1,34.3,72396,,,,,,,,,,
100,14,3,45.9,180939,,,,,,,,,,
0,11.8,2,43.3,81910,,,,,,,,,,
50,6,3,46.2,69095,,,,,,,,,,
50,0.3,1,45.3,87756,,,,,,,,,,
0,2.5,0,27.6,60535,,,,,,,,,,
50,1.5,4,37.1,35851,,,,,,,,,,
50,2.4,1,42.9,43659,,,,,,,,,,
50,12.6,0,55.7,274607,,,,,,,,,,
50,12.3,2,41.9,40531,,,,,,,,,,
0,7.3,0,46.2,83745,,,,,,,,,,
100,6.2,2,44.9,72052,,,,,,,,,,
0,5,0,44.7,28014,,,,,,,,,,
0,10.7,0,47,62425,,,,,,,,,,
50,8.6,4,37.9,180880,,,,,,,,,,
0,4.3,2,40.5,53048,,,,,,,,,,
100,5.8,1,46.4,71279,,,,,,,,,,
100,10.7,2,26.5,179531,,,,,,,,,,
100,5.8,1,28.5,142869,,,,,,,,,,
0,4,0,43.1,85720,,,,,,,,,,
0,5.8,4,39.7,46901,,,,,,,,,,
100,1.5,0,30.9,79716,,,,,,,,,,
0,12.3,1,49.9,95311,,,,,,,,,,
50,9.4,0,45,83239,,,,,,,,,,
0,9.8,3,56.5,83930,,,,,,,,,,
0,0.8,3,45.5,48071,,,,,,,,,,
50,8.7,1,51.4,177740,,,,,,,,,,
0,4.3,1,34,46338,,,,,,,,,,
100,2.6,1,45.1,99539,,,,,,,,,,
0,3.2,2,28.4,84220,,,,,,,,,,
0,8.1,5,42.7,75991,,,,,,,,,,
100,18.5,2,57.5,75031,,,,,,,,,,
50,11.8,1,39.4,67630,,,,,,,,,,
100,5.4,3,53.6,143025,,,,,,,,,,
50,11.7,0,47,71302,,,,,,,,,,
50,16.3,1,48.9,171312,,,,,,,,,,
0,2.4,0,33.6,23108,,,,,,,,,,
0,5.6,2,36.9,30508,,,,,,,,,,
100,15.7,0,38.8,237407,,,,,,,,,,
100,7.7,1,54.9,70850,,,,,,,,,,
50,7.4,3,50.9,121178,,,,,,,,,,
0,7.5,2,39.8,163108,,,,,,,,,,
100,3.8,3,34,56696,,,,,,,,,,
50,7.1,3,46.6,99578,,,,,,,,,,
0,1.4,2,35.7,23960,,,,,,,,,,
50,2.9,0,43.4,22470,,,,,,,,,,
0,12.1,2,34.8,101707,,,,,,,,,,
100,9.9,1,47.5,64318,,,,,,,,,,
100,3.4,0,46.9,60010,,,,,,,,,,
0,13,3,51.2,123444,,,,,,,,,,
100,7.4,2,49.6,26576,,,,,,,,,,
0,6.8,6,43.1,54995,,,,,,,,,,
0,8.6,3,54.1,34292,,,,,,,,,,
100,14.4,4,42.9,123850,,,,,,,,,,
100,11.4,1,50.7,105684,,,,,,,,,,
50,9.8,2,49.7,108378,,,,,,,,,,
100,5.7,1,34.3,23716,,,,,,,,,,
0,5.4,2,46.8,66855,,,,,,,,,,
0,17.2,4,47.2,173482,,,,,,,,,,
100,7,0,44.1,89131,,,,,,,,,,
50,14.2,2,33.9,114108,,,,,,,,,,
50,9,0,42.7,100505,,,,,,,,,,
100,12.4,3,48.2,104544,,,,,,,,,,
0,12.8,0,35.1,78826,,,,,,,,,,
50,13.9,0,46.8,81326,,,,,,,,,,
0,0.6,2,42.8,23249,,,,,,,,,,
0,14.7,1,55.9,180540,,,,,,,,,,
0,6.5,1,44.8,67061,,,,,,,,,,
50,2.8,2,43.7,50758,,,,,,,,,,
100,4,2,35,73903,,,,,,,,,,
0,15.4,1,40,196415,,,,,,,,,,
100,19.9,1,54.7,196763,,,,,,,,,,
50,2.9,2,36.6,74389,,,,,,,,,,
50,16.2,2,38.4,178296,,,,,,,,,,
0,10.9,0,37.5,120406,,,,,,,,,,
0,13.1,4,48.9,40769,,,,,,,,,,
50,5.5,2,52.6,140972,,,,,,,,,,
100,8.5,1,43.9,213986,,,,,,,,,,
100,2.1,2,39.1,95519,,,,,,,,,,
50,13.1,1,44.3,166968,,,,,,,,,,
0,6.2,0,43.2,115566,,,,,,,,,,
50,5.2,1,43.5,20679,,,,,,,,,,
50,11.9,2,39.4,34553,,,,,,,,,,
50,20.2,2,46.6,71697,,,,,,,,,,
100,6.3,2,37.9,57257,,,,,,,,,,
100,13.4,2,34.9,129316,,,,,,,,,,
50,11.7,0,46.3,42589,,,,,,,,,,
0,3.1,1,45,35841,,,,,,,,,,
50,10.3,3,50.3,176938,,,,,,,,,,
100,12.3,1,59.5,85353,,,,,,,,,,
100,12.1,3,44.7,122227,,,,,,,,,,
0,14.7,1,54,143546,,,,,,,,,,
50,7.3,2,39,132169,,,,,,,,,,
50,10.5,0,54.7,169132,,,,,,,,,,
0,15.9,1,48.1,171709,,,,,,,,,,
0,5.3,2,49,72780,,,,,,,,,,
0,5.5,1,38,79230,,,,,,,,,,
100,7.7,1,44.4,188039,,,,,,,,,,
100,17.1,5,43.2,97053,,,,,,,,,,
0,4.7,0,53.9,167873,,,,,,,,,,
0,17.2,1,45.4,252451,,,,,,,,,,
0,10.1,1,49.7,123167,,,,,,,,,,
50,10.6,0,52.8,59032,,,,,,,,,,
100,14.5,6,48,55589,,,,,,,,,,
100,17.7,1,35.7,69316,,,,,,,,,,
50,2.6,2,48.4,79518,,,,,,,,,,
50,17.6,2,44.9,194061,,,,,,,,,,
100,9.3,1,36.1,132148,,,,,,,,,,
50,12.7,3,45.4,143594,,,,,,,,,,
0,0.7,2,52.1,107130,,,,,,,,,,
0,16.5,2,42.7,25723,,,,,,,,,,
50,4.9,1,43.4,23764,,,,,,,,,,
50,1,1,46.3,76050,,,,,,,,,,
100,15.7,5,49.3,92639,,,,,,,,,,
0,6.6,2,53.9,81096,,,,,,,,,,
0,11,1,44.7,118914,,,,,,,,,,
50,6.1,0,42,145945,,,,,,,,,,
50,7.9,1,51,20182,,,,,,,,,,
0,6.2,3,49.2,80026,,,,,,,,,,
100,9.2,2,51.7,117448,,,,,,,,,,
50,8.9,2,46.1,91534,,,,,,,,,,
50,10.6,4,32,151458,,,,,,,,,,
0,0.6,1,34.9,107044,,,,,,,,,,
50,4.4,4,37.9,30949,,,,,,,,,,
100,5.1,2,41.7,29093,,,,,,,,,,
50,11.3,2,56.3,133035,,,,,,,,,,
50,13.7,1,36.2,146393,,,,,,,,,,
50,7.3,2,36.7,35999,,,,,,,,,,
0,6,2,30,44601,,,,,,,,,,
100,12.1,2,44.2,148712,,,,,,,,,,
50,7.1,5,49.7,70582,,,,,,,,,,
100,13.9,4,30.8,208508,,,,,,,,,,
50,3.8,1,30.8,96355,,,,,,,,,,
100,6.2,2,41.3,43156,,,,,,,,,,
0,4.7,0,51,20377,,,,,,,,,,
0,8.6,1,36,108716,,,,,,,,,,
50,9,3,45.4,123910,,,,,,,,,,
0,7.2,4,49.5,37821,,,,,,,,,,
0,4.7,0,49.2,28196,,,,,,,,,,
0,10.9,2,44.6,109925,,,,,,,,,,
50,18.2,5,50.9,89744,,,,,,,,,,
0,15.4,0,52.8,133789,,,,,,,,,,
0,6.9,2,55.4,31210,,,,,,,,,,
0,13.2,4,33.4,183185,,,,,,,,,,
100,5.9,1,47.6,81015,,,,,,,,,,
50,11.3,3,44.7,107117,,,,,,,,,,
50,1.6,3,46.1,18908,,,,,,,,,,
50,4.9,1,45.6,123151,,,,,,,,,,
100,4.4,2,42.6,88781,,,,,,,,,,
50,3.5,1,40.5,96630,,,,,,,,,,
50,10.7,2,46.1,127365,,,,,,,,,,
50,8.6,1,44.9,157442,,,,,,,,,,
0,10.9,0,44.8,176114,,,,,,,,,,
0,6.6,2,47.4,128748,,,,,,,,,,
50,8.1,4,54.9,58052,,,,,,,,,,
0,12.4,1,43.6,126938,,,,,,,,,,
0,18.3,1,57.4,111192,,,,,,,,,,
0,7.5,0,48,44764,,,,,,,,,,
0,2.8,0,45.7,57692,,,,,,,,,,
100,10.6,1,47.8,168818,,,,,,,,,,
50,6.6,1,46.8,135989,,,,,,,,,,
0,7.1,4,45.3,75454,,,,,,,,,,
0,12.7,3,53.5,164263,,,,,,,,,,
0,5,1,41.6,50779,,,,,,,,,,
50,10.6,3,43.3,184813,,,,,,,,,,
0,2.2,4,48.5,72582,,,,,,,,,,
50,10.1,3,39.3,261949,,,,,,,,,,
100,4.9,1,41.8,31077,,,,,,,,,,
50,16.8,3,46.4,40242,,,,,,,,,,
0,9.5,1,48,60920,,,,,,,,,,
100,10.2,1,39.7,88158,,,,,,,,,,
0,8.5,2,58.1,158020,,,,,,,,,,
100,13.7,6,45.5,258042,,,,,,,,,,
0,2,2,42,61737,,,,,,,,,,
0,12.9,0,44.9,170214,,,,,,,,,,
0,4.9,1,48.5,44713,,,,,,,,,,
0,4.5,0,38.3,22911,,,,,,,,,,
0,10.6,0,44.3,38778,,,,,,,,,,
100,3.5,3,41.3,48550,,,,,,,,,,
0,0.2,2,51.3,87617,,,,,,,,,,
100,13.8,3,44.9,35534,,,,,,,,,,
0,8.6,1,42.2,128188,,,,,,,,,,
0,6.2,1,32,60495,,,,,,,,,,
100,15.2,0,45.5,41972,,,,,,,,,,
0,12.3,4,40.4,90901,,,,,,,,,,
50,5.9,1,37.8,81819,,,,,,,,,,
100,10,2,51.4,266328,,,,,,,,,,
100,10.3,2,45.6,65835,,,,,,,,,,
50,14.7,4,47.8,189944,,,,,,,,,,
0,9.5,4,53,190195,,,,,,,,,,
100,4.7,0,36.6,182488,,,,,,,,,,
100,14.4,5,53.9,117975,,,,,,,,,,
0,7.4,0,48,105902,,,,,,,,,,
50,7.6,0,47.9,99607,,,,,,,,,,
100,3.3,0,53.7,207076,,,,,,,,,,
100,5.5,1,39.9,64458,,,,,,,,,,
0,3.6,0,50.3,30348,,,,,,,,,,
100,9.7,1,50.1,46736,,,,,,,,,,
100,1.9,0,41.5,66637,,,,,,,,,,
0,19.1,2,44,241036,,,,,,,,,,
0,0,1,43.3,90366,,,,,,,,,,
50,6.8,1,33.1,57635,,,,,,,,,,
100,3.8,2,43.1,13421,,,,,,,,,,
0,16.7,3,43,68508,,,,,,,,,,
100,11.5,1,43.5,66717,,,,,,,,,,
100,2.3,0,57.6,48582,,,,,,,,,,
0,6.9,2,46.7,54551,,,,,,,,,,
0,8,1,38.1,146061,,,,,,,,,,
0,12.5,0,43.3,126211,,,,,,,,,,
50,3,4,45.5,75732,,,,,,,,,,
0,10.3,0,53.9,134667,,,,,,,,,,
50,9.4,5,41.3,61617,,,,,,,,,,
0,6.2,1,48,95704,,,,,,,,,,
50,8,1,47.1,87450,,,,,,,,,,
100,14,0,54.4,241066,,,,,,,,,,
100,8.3,0,51.5,70051,,,,,,,,,,
0,6.3,1,49.6,175091,,,,,,,,,,
100,2.4,1,39.4,107981,,,,,,,,,,
50,8.7,1,50.4,106127,,,,,,,,,,
100,12.2,1,59.5,177267,,,,,,,,,,
100,4.4,1,37.7,209315,,,,,,,,,,
50,13.1,1,51.4,180157,,,,,,,,,,
100,6.8,4,49.8,37558,,,,,,,,,,
50,6.2,2,36.6,54224,,,,,,,,,,
0,14.2,0,37.6,169400,,,,,,,,,,
0,8.5,3,45.3,37504,,,,,,,,,,
0,5.9,1,37.4,94905,,,,,,,,,,
100,2.8,1,42.4,66165,,,,,,,,,,
100,6.7,0,45.9,78826,,,,,,,,,,
0,0,1,40.5,56820,,,,,,,,,,
100,21.6,3,50.4,236767,,,,,,,,,,
50,6.9,2,41.4,102812,,,,,,,,,,
50,4.6,2,35.9,68538,,,,,,,,,,
100,6.9,1,48.2,112077,,,,,,,,,,
0,4.8,1,40.6,35436,,,,,,,,,,
50,4.7,0,43.4,71654,,,,,,,,,,
100,17.7,3,60.3,180024,,,,,,,,,,
50,12.3,3,38.2,129031,,,,,,,,,,
0,9.5,3,45.9,110240,,,,,,,,,,
0,1.7,2,31.1,71324,,,,,,,,,,
100,2.6,1,48.7,61901,,,,,,,,,,
0,2.7,0,37.8,43411,,,,,,,,,,
0,4.6,2,46.4,79836,,,,,,,,,,
100,6.2,0,37,120271,,,,,,,,,,
50,10.1,3,51.3,42072,,,,,,,,,,
100,11.5,1,51.9,227110,,,,,,,,,,
50,4.8,1,38,124228,,,,,,,,,,
0,5.7,3,37.3,104900,,,,,,,,,,
100,3.3,1,43.4,48541,,,,,,,,,,
0,14.1,1,51.5,110987,,,,,,,,,,
100,3.4,1,36.3,100809,,,,,,,,,,
100,5.3,1,40.3,92552,,,,,,,,,,
100,1.4,2,50.1,27981,,,,,,,,,,
100,10.8,3,39.3,112851,,,,,,,,,,
100,9.2,1,48.4,78248,,,,,,,,,,
100,7.1,0,42.7,47433,,,,,,,,,,
100,14.9,2,45.2,59255,,,,,,,,,,
50,3.3,2,47.2,67581,,,,,,,,,,
0,15.1,2,43.4,81780,,,,,,,,,,
50,2.8,0,41.9,84892,,,,,,,,,,
50,6.9,0,38.5,99721,,,,,,,,,,
0,6.3,1,48.7,46738,,,,,,,,,,
0,3,0,48.8,96163,,,,,,,,,,
50,14.8,3,46.4,109074,,,,,,,,,,
50,14.9,0,49.8,115713,,,,,,,,,,
0,5.3,1,48.7,85859,,,,,,,,,,
50,7,2,46.2,62620,,,,,,,,,,
0,3.6,1,40,85637,,,,,,,,,,
50,4,2,55.3,60639,,,,,,,,,,
0,6.4,1,46,91087,,,,,,,,,,
50,5.7,2,50.2,117724,,,,,,,,,,
0,0.7,3,40.4,102895,,,,,,,,,,
50,11.7,4,43.3,135603,,,,,,,,,,
0,10.9,0,43.1,93032,,,,,,,,,,
100,8.1,1,53.3,57978,,,,,,,,,,
50,10.2,0,47.6,105014,,,,,,,,,,
50,0.3,1,34.5,67419,,,,,,,,,,
100,3.2,0,34.3,67833,,,,,,,,,,
100,9.5,3,46.6,107804,,,,,,,,,,
50,11.7,1,43.8,38757,,,,,,,,,,
0,7.7,1,39.3,35541,,,,,,,,,,
0,11.1,1,35.7,213816,,,,,,,,,,
50,11.2,0,45.5,117511,,,,,,,,,,
0,9,1,40.2,103983,,,,,,,,,,
0,19.2,4,65,87109,,,,,,,,,,
50,4.3,2,29.6,118289,,,,,,,,,,
100,11.6,2,43,128794,,,,,,,,,,
0,8.6,4,43,101676,,,,,,,,,,
50,9.1,2,44,64622,,,,,,,,,,
100,13.9,2,42.8,126066,,,,,,,,,,
50,15.3,2,37.4,181836,,,,,,,,,,
100,4.2,2,46.6,52572,,,,,,,,,,
100,4.8,3,40.2,14786,,,,,,,,,,
50,15.9,0,30.5,177537,,,,,,,,,,
100,7.2,1,39.1,109416,,,,,,,,,,
0,5.1,1,45.3,69595,,,,,,,,,,
100,4.5,1,41.5,58551,,,,,,,,,,
0,2.1,1,44.7,73556,,,,,,,,,,
50,0.7,0,41.8,47722,,,,,,,,,,
0,4.4,0,42.2,41201,,,,,,,,,,
100,0.3,3,41.4,75899,,,,,,,,,,
50,2.8,2,47.9,71281,,,,,,,,,,
50,10.2,4,46.1,168759,,,,,,,,,,
100,6.7,3,50,118646,,,,,,,,,,
100,2.9,2,34,17368,,,,,,,,,,
0,14.7,2,41,149822,,,,,,,,,,
0,19.5,2,50.7,154355,,,,,,,,,,
100,14.1,5,50.7,230471,,,,,,,,,,
50,5.9,0,44.4,47062,,,,,,,,,,
0,6.4,2,51.8,95038,,,,,,,,,,
100,13.6,4,45.4,35863,,,,,,,,,,
0,12.3,5,47.9,140567,,,,,,,,,,
0,9.3,1,34.2,61922,,,,,,,,,,
50,3.5,3,49.9,73523,,,,,,,,,,
100,17.3,2,34.5,194810,,,,,,,,,,
0,12.2,3,41.6,48633,,,,,,,,,,
0,7.7,1,46,106719,,,,,,,,,,
0,7.3,0,40.6,41570,,,,,,,,,,
0,7.8,1,39.4,104683,,,,,,,,,,
100,8.8,0,38.5,141491,,,,,,,,,,
0,6.8,0,38.7,53807,,,,,,,,,,
100,6.7,2,48.4,118442,,,,,,,,,,
0,3.3,0,47,48150,,,,,,,,,,
0,1.3,3,38.3,139348,,,,,,,,,,
100,15.7,2,32.5,241164,,,,,,,,,,
0,17.8,2,51.3,217905,,,,,,,,,,
100,0,1,42.2,15504,,,,,,,,,,
100,6.6,3,43.2,106277,,,,,,,,,,
100,8.1,4,41.7,150981,,,,,,,,,,
100,4.6,0,40.2,48751,,,,,,,,,,
0,5.2,1,39.8,94711,,,,,,,,,,
0,0,3,39.5,66700,,,,,,,,,,
50,9.6,0,49,24507,,,,,,,,,,
100,8.8,6,40.6,98891,,,,,,,,,,
100,11,4,46.2,45783,,,,,,,,,,
0,5.8,0,44.7,195571,,,,,,,,,,
0,7.9,0,41.9,92398,,,,,,,,,,
50,7.9,5,48.3,86395,,,,,,,,,,
100,9.7,3,42.9,33088,,,,,,,,,,
50,6.9,2,44.5,55483,,,,,,,,,,
100,7.4,3,47.7,181305,,,,,,,,,,
0,5.1,0,62.3,113942,,,,,,,,,,
50,1.6,1,40.1,31292,,,,,,,,,,
100,11.7,3,52.1,186850,,,,,,,,,,
0,8.7,4,39.2,164410,,,,,,,,,,
0,5.4,1,36.6,34934,,,,,,,,,,
0,20.2,1,45.3,115289,,,,,,,,,,
0,19.4,2,51.7,181876,,,,,,,,,,
0,4.9,1,41.8,101574,,,,,,,,,,
0,6.8,1,32.5,77233,,,,,,,,,,
50,20.8,1,47.6,129256,,,,,,,,,,
0,8.4,0,47.2,118983,,,,,,,,,,
0,12.4,2,62,28976,,,,,,,,,,
0,6.5,1,41.2,89715,,,,,,,,,,
50,6.8,1,43.9,20644,,,,,,,,,,
100,9.8,1,42.3,64618,,,,,,,,,,
50,4.8,3,44.2,29660,,,,,,,,,,
50,5.6,6,38.5,33172,,,,,,,,,,
50,9,2,36.9,102617,,,,,,,,,,
0,2.7,1,40.6,100002,,,,,,,,,,
0,7,1,43,42958,,,,,,,,,,
0,6.4,1,38.7,65923,,,,,,,,,,
100,0.7,3,47.6,66413,,,,,,,,,,
0,16.7,1,47.2,140344,,,,,,,,,,
50,2.8,2,34.2,85682,,,,,,,,,,
50,11.3,0,54.2,101415,,,,,,,,,,
0,9.3,2,43.4,112478,,,,,,,,,,
100,14.1,1,47.5,104410,,,,,,,,,,
0,12.2,2,40.5,125342,,,,,,,,,,
50,2,2,38,40223,,,,,,,,,,
50,17.5,6,53.2,51479,,,,,,,,,,
0,6.6,1,38.7,29237,,,,,,,,,,
0,2.8,6,40,70112,,,,,,,,,,
100,1.8,2,40.2,67564,,,,,,,,,,
50,5.8,2,42.7,77871,,,,,,,,,,
50,11.5,3,51.5,126209,,,,,,,,,,
0,5.6,2,43.9,28710,,,,,,,,,,
0,4.7,4,28.4,57643,,,,,,,,,,
100,3,3,38,70616,,,,,,,,,,
50,13.4,3,38.1,46553,,,,,,,,,,
0,3.8,1,39.2,104769,,,,,,,,,,
50,4.8,1,43.6,96378,,,,,,,,,,
0,10.8,0,36,85121,,,,,,,,,,
0,14.1,2,51.7,67317,,,,,,,,,,
50,4.2,0,38.6,64417,,,,,,,,,,
0,6.5,1,52.2,54765,,,,,,,,,,
100,9.8,3,49.7,195213,,,,,,,,,,
50,11.2,1,49.1,119247,,,,,,,,,,
50,16.5,3,51.6,176721,,,,,,,,,,
100,7.8,2,47.5,42820,,,,,,,,,,
50,9.2,1,44.3,88190,,,,,,,,,,
50,12.9,2,32.1,137928,,,,,,,,,,
100,7.2,2,48.7,192686,,,,,,,,,,
0,6.5,2,46.4,44487,,,,,,,,,,
50,13.9,6,37.2,201746,,,,,,,,,,
100,4.3,2,41.1,71776,,,,,,,,,,
100,7.4,4,53.6,159591,,,,,,,,,,
0,8.1,1,52.9,134247,,,,,,,,,,
50,9.1,0,36.1,22780,,,,,,,,,,
0,13.1,1,42.1,122627,,,,,,,,,,
50,7.3,0,42.8,25628,,,,,,,,,,
0,5.3,3,45.9,38092,,,,,,,,,,
0,6,1,45.4,78240,,,,,,,,,,
50,9.1,2,54.3,104171,,,,,,,,,,
100,13.3,1,40,26171,,,,,,,,,,
50,17,3,40.9,161961,,,,,,,,,,
0,9.8,6,48.5,110181,,,,,,,,,,
50,5.7,5,51,59241,,,,,,,,,,
0,7.5,0,28.2,63867,,,,,,,,,,
50,1.1,0,38.4,80003,,,,,,,,,,
0,5.6,1,45.2,96275,,,,,,,,,,
50,6.5,1,50.3,122472,,,,,,,,,,
50,6.5,0,34,46987,,,,,,,,,,
100,7.1,2,48.1,22040,,,,,,,,,,
50,14.4,5,40.8,146763,,,,,,,,,,
100,3.7,1,30.6,87416,,,,,,,,,,
0,2.1,1,38.5,92530,,,,,,,,,,
100,2.5,3,45.3,87278,,,,,,,,,,
50,9.8,4,35.1,54307,,,,,,,,,,
0,1,1,39.6,75618,,,,,,,,,,
0,10.7,1,43,159955,,,,,,,,,,
0,15.3,2,41.3,201087,,,,,,,,,,
0,10.2,1,50.5,105077,,,,,,,,,,
0,6.4,1,41.8,38210,,,,,,,,,,
0,20.6,2,41.7,281948,,,,,,,,,,
50,3.9,0,43.6,109045,,,,,,,,,,
50,5.4,2,50.7,88559,,,,,,,,,,
100,11.6,2,35.8,120814,,,,,,,,,,
100,11.2,6,55.1,114590,,,,,,,,,,
0,9.5,2,36.3,80353,,,,,,,,,,
0,9.1,3,46.4,27855,,,,,,,,,,
0,3.1,2,30.4,51432,,,,,,,,,,
0,8.6,0,48.9,29035,,,,,,,,,,
100,9.6,2,52.7,276550,,,,,,,,,,
50,4.9,2,39.7,59053,,,,,,,,,,
0,13.5,1,44.6,156152,,,,,,,,,,
50,0.7,0,45.4,69774,,,,,,,,,,
100,2.5,3,42.8,38828,,,,,,,,,,
100,6.3,1,35.1,110186,,,,,,,,,,
100,0.3,2,50.3,33444,,,,,,,,,,
0,8.8,1,50.2,85372,,,,,,,,,,
50,5.6,2,49.3,27566,,,,,,,,,,
100,5.6,2,31.1,66216,,,,,,,,,,
0,16.8,1,39.2,31396,,,,,,,,,,
100,8.3,3,46.2,36148,,,,,,,,,,
0,8.1,1,50.3,51831,,,,,,,,,,
0,6.1,2,47.5,57387,,,,,,,,,,
50,10.9,0,38.4,121187,,,,,,,,,,
0,2.3,2,42.8,25875,,,,,,,,,,
0,10.7,3,45.5,159412,,,,,,,,,,
100,10.9,3,37.7,52841,,,,,,,,,,
0,2.1,1,39.9,89556,,,,,,,,,,
0,15.9,2,51.5,143638,,,,,,,,,,
100,11.5,1,51.8,43371,,,,,,,,,,
50,7.6,3,52.6,100986,,,,,,,,,,
0,11,2,47.8,57938,,,,,,,,,,
0,5.6,0,40,96511,,,,,,,,,,
0,11,0,45.9,70197,,,,,,,,,,
50,5.3,1,56.2,29576,,,,,,,,,,
0,10.7,3,35.7,177926,,,,,,,,,,
50,9.4,1,37,157530,,,,,,,,,,
0,11.9,2,44,175687,,,,,,,,,,
100,19,1,53.3,196852,,,,,,,,,,
0,11.5,2,43.3,102699,,,,,,,,,,
0,7,1,51.4,74926,,,,,,,,,,
0,9.1,5,33.2,138058,,,,,,,,,,
100,12.9,1,44.4,179658,,,,,,,,,,
50,10,2,50.1,151318,,,,,,,,,,
50,8.3,1,48.6,65737,,,,,,,,,,
100,11.1,3,45.1,98896,,,,,,,,,,
0,17.2,4,40.4,230953,,,,,,,,,,
100,20,3,44,184821,,,,,,,,,,
0,11.7,2,48.3,146722,,,,,,,,,,
0,13.8,3,44.7,162358,,,,,,,,,,
50,7.7,1,46.7,51506,,,,,,,,,,
50,11,3,44.3,76991,,,,,,,,,,
100,12.2,2,44.5,130595,,,,,,,,,,
0,8.2,2,38.3,188628,,,,,,,,,,
100,0.9,1,30.1,40015,,,,,,,,,,
0,5,3,45.3,109850,,,,,,,,,,
0,8.1,3,39.7,75669,,,,,,,,,,
0,0.6,1,45.5,16085,,,,,,,,,,
0,6.8,1,45.9,148427,,,,,,,,,,
50,6.4,1,46.9,107369,,,,,,,,,,
100,0.6,2,45.5,31370,,,,,,,,,,
0,6.8,1,48.8,220040,,,,,,,,,,
100,7.4,4,34,124490,,,,,,,,,,
100,3.2,0,42.1,119651,,,,,,,,,,
100,6.7,2,51.8,117970,,,,,,,,,,
0,8.1,3,57.6,108407,,,,,,,,,,
0,2.9,0,40.6,69606,,,,,,,,,,
50,0,2,34.8,68788,,,,,,,,,,
100,13.8,0,52.3,140958,,,,,,,,,,
0,10,0,47.3,61501,,,,,,,,,,
100,3.1,1,41.2,59018,,,,,,,,,,
100,7.2,1,37.6,208392,,,,,,,,,,
100,12.2,0,53.8,108778,,,,,,,,,,
50,9.9,2,48.6,136373,,,,,,,,,,
50,9.9,1,42.4,181156,,,,,,,,,,
0,12.9,2,39.2,137499,,,,,,,,,,
0,7.2,3,41.2,101462,,,,,,,,,,
50,9.4,2,40.2,100294,,,,,,,,,,
100,5.2,1,47.1,92543,,,,,,,,,,
0,12.2,2,46.2,40763,,,,,,,,,,
0,4.9,1,46.4,110694,,,,,,,,,,
50,3.4,4,32.9,111726,,,,,,,,,,
0,5.1,2,39.5,73554,,,,,,,,,,
0,3.7,1,37.1,78195,,,,,,,,,,
100,17.5,1,46.7,254929,,,,,,,,,,
50,3,1,46.5,127316,,,,,,,,,,
100,6.6,0,56.6,96214,,,,,,,,,,
50,0.6,1,35.3,76434,,,,,,,,,,
0,6.2,0,45.6,74877,,,,,,,,,,
0,20.3,1,36.6,55672,,,,,,,,,,
0,9.2,3,48.7,116622,,,,,,,,,,
50,10.4,0,39.8,89856,,,,,,,,,,
0,4.3,0,42.7,19836,,,,,,,,,,
50,11.2,1,48.4,36213,,,,,,,,,,
100,8.2,3,45.4,132660,,,,,,,,,,
100,2.8,2,54.8,45864,,,,,,,,,,
50,5.8,2,39.1,85518,,,,,,,,,,
100,8.5,2,48.7,61989,,,,,,,,,,
100,3.2,2,42.4,132973,,,,,,,,,,
0,9.2,0,48.9,42493,,,,,,,,,,
100,11.3,4,43.7,129827,,,,,,,,,,
100,5.2,0,49.5,99997,,,,,,,,,,
0,11.7,1,41.3,207507,,,,,,,,,,
100,3.1,1,46.5,91937,,,,,,,,,,
0,11.5,0,44.5,28555,,,,,,,,,,
100,9.1,2,42.8,32867,,,,,,,,,,
100,16.3,5,44.1,232937,,,,,,,,,,
50,9.8,2,50.5,141085,,,,,,,,,,
0,8.8,3,39.8,119546,,,,,,,,,,
50,13.3,1,52.4,75227,,,,,,,,,,
100,14.1,3,57.1,75434,,,,,,,,,,
0,6,2,39.6,31555,,,,,,,,,,
100,14.8,1,46.7,73552,,,,,,,,,,
50,5.3,1,51.4,82248,,,,,,,,,,
100,4,3,40.8,82343,,,,,,,,,,
100,7.8,1,42,93689,,,,,,,,,,
0,6.9,0,41.2,77762,,,,,,,,,,
100,2.5,1,37.6,83320,,,,,,,,,,
100,12.2,2,46.5,124467,,,,,,,,,,
0,19.3,3,39.5,126002,,,,,,,,,,
0,8.8,2,53.2,80688,,,,,,,,,,
50,6,3,35.4,27937,,,,,,,,,,
0,10.4,3,46.6,114658,,,,,,,,,,
50,5.1,0,41.6,29187,,,,,,,,,,
100,5.9,3,41,20017,,,,,,,,,,
50,9.4,3,40,44892,,,,,,,,,,
0,13.4,1,48.9,155717,,,,,,,,,,
50,0,1,39.1,45240,,,,,,,,,,
0,10.2,1,48.6,98172,,,,,,,,,,
50,5.8,0,32.7,141486,,,,,,,,,,
0,3.9,2,40.6,111800,,,,,,,,,,
0,16.9,3,50.7,218417,,,,,,,,,,
0,8.6,2,56.5,71797,,,,,,,,,,
50,6.7,1,38.2,93379,,,,,,,,,,
0,6.5,1,42.9,141433,,,,,,,,,,
0,11.4,0,49.4,58799,,,,,,,,,,
100,7.5,2,37.3,29655,,,,,,,,,,
50,8.5,1,43,113899,,,,,,,,,,
0,7.5,1,40,58249,,,,,,,,,,
100,18.9,1,44.6,163082,,,,,,,,,,
0,6,3,38.7,95928,,,,,,,,,,
50,1.2,1,43.1,56299,,,,,,,,,,
100,19.8,0,46,224804,,,,,,,,,,
0,10.3,3,52.9,80155,,,,,,,,,,
0,9.7,1,41.8,133056,,,,,,,,,,
50,9.6,0,45,86436,,,,,,,,,,
0,9.2,2,46.8,67965,,,,,,,,,,
50,3.1,2,56.3,18714,,,,,,,,,,
100,15.6,2,46.9,104580,,,,,,,,,,
50,0,0,54.1,89757,,,,,,,,,,
100,3.6,3,51.1,69985,,,,,,,,,,
100,0,0,32.9,39455,,,,,,,,,,
50,17.9,1,44.4,125653,,,,,,,,,,
0,2.5,2,42.9,80596,,,,,,,,,,
0,2.3,4,46.5,81890,,,,,,,,,,
50,6.5,2,35.1,127699,,,,,,,,,,
0,5.5,3,48.3,192744,,,,,,,,,,
50,11,1,34.3,148162,,,,,,,,,,
100,6.8,1,43.8,66490,,,,,,,,,,
100,10.4,2,44.6,128053,,,,,,,,,,
0,14.3,1,47.8,202173,,,,,,,,,,
0,0,0,42.1,52016,,,,,,,,,,
100,15.8,1,47.9,178767,,,,,,,,,,
50,7.4,0,38,123825,,,,,,,,,,
100,10.6,2,35.4,176990,,,,,,,,,,
0,1.7,1,42,102132,,,,,,,,,,
0,8.3,3,45.9,58254,,,,,,,,,,
50,14,4,42.8,149411,,,,,,,,,,
50,3.5,0,53.4,25349,,,,,,,,,,
0,5.7,6,51.4,88369,,,,,,,,,,
50,15.3,1,49.2,209812,,,,,,,,,,
100,13.8,3,50,97504,,,,,,,,,,
100,6.9,2,36.5,88271,,,,,,,,,,
0,9.3,1,41.6,115557,,,,,,,,,,
0,4.5,1,43.3,77746,,,,,,,,,,
50,1.3,1,40.7,59340,,,,,,,,,,
0,4.6,3,34.9,17711,,,,,,,,,,
0,11.2,1,54.3,32060,,,,,,,,,,
100,12.6,3,41.1,107812,,,,,,,,,,
0,6.2,4,40.1,51020,,,,,,,,,,
0,2,3,43.5,100530,,,,,,,,,,
50,7,1,41.6,103643,,,,,,,,,,
50,6.3,1,43,119609,,,,,,,,,,
50,6.1,0,42.5,147330,,,,,,,,,,
50,7.1,3,31.3,120219,,,,,,,,,,
0,18.8,2,48.3,166798,,,,,,,,,,
0,0,1,32.2,63810,,,,,,,,,,
0,1.3,0,41.3,69842,,,,,,,,,,
0,10.8,0,38,86196,,,,,,,,,,
50,1.9,2,42.4,12749,,,,,,,,,,
0,3,2,48.2,101358,,,,,,,,,,
100,0,2,29.5,75414,,,,,,,,,,
0,13.8,0,29.8,275740,,,,,,,,,,
100,0,4,34.1,19745,,,,,,,,,,
50,10.2,3,45.3,92681,,,,,,,,,,
100,6.9,2,44.4,30657,,,,,,,,,,
100,9.3,4,40.3,94071,,,,,,,,,,
0,1.7,2,49.3,139442,,,,,,,,,,
50,4.3,0,35.4,144164,,,,,,,,,,
0,8.9,4,36.3,130174,,,,,,,,,,
100,19.3,3,48,273212,,,,,,,,,,
0,2,0,44.2,32271,,,,,,,,,,
100,9.1,1,49.7,24470,,,,,,,,,,
50,8.1,4,44,118264,,,,,,,,,,
0,13,2,56,137678,,,,,,,,,,
100,10.6,0,47.8,127206,,,,,,,,,,
100,8.8,3,49.4,99812,,,,,,,,,,
0,5.4,1,44.8,90217,,,,,,,,,,
0,9,0,42.4,123410,,,,,,,,,,
50,15.7,1,55.3,62899,,,,,,,,,,
100,5.1,2,40.4,64288,,,,,,,,,,
0,18.8,1,53.4,121176,,,,,,,,,,
0,5,1,43.2,119704,,,,,,,,,,
0,5.8,5,55.7,122662,,,,,,,,,,
50,16.8,2,49.5,213850,,,,,,,,,,
50,9.6,0,38,116915,,,,,,,,,,
50,2.7,1,38.3,18062,,,,,,,,,,
0,6.4,1,47.6,45667,,,,,,,,,,
0,5.1,4,42.2,20037,,,,,,,,,,
0,15.5,2,29.1,49518,,,,,,,,,,
0,8.8,2,44.4,76203,,,,,,,,,,
0,13.4,5,50.6,126480,,,,,,,,,,
50,9,5,47.9,115031,,,,,,,,,,
0,4,2,47.9,148398,,,,,,,,,,
100,11,1,36.8,40535,,,,,,,,,,
50,2.8,1,40.4,37558,,,,,,,,,,
50,13,0,40.2,230131,,,,,,,,,,
0,5.8,2,52.6,167490,,,,,,,,,,
0,7.9,3,51.9,41589,,,,,,,,,,
0,9.5,1,37.6,165422,,,,,,,,,,
100,9.5,2,35.3,122869,,,,,,,,,,
50,8.5,1,51.5,102966,,,,,,,,,,
0,20,0,42,54476,,,,,,,,,,
50,9.9,3,48.2,145416,,,,,,,,,,
100,1.7,0,46.3,53530,,,,,,,,,,
50,9.5,1,40.8,36230,,,,,,,,,,
50,12.4,3,40.5,179894,,,,,,,,,,
0,11.9,1,38.9,88646,,,,,,,,,,
100,1.5,2,41.7,35994,,,,,,,,,,
0,6.7,2,51.3,66476,,,,,,,,,,
100,10.8,1,47.8,89291,,,,,,,,,,
100,5.1,4,49.6,29254,,,,,,,,,,
0,9.5,1,45.6,37664,,,,,,,,,,
0,15.2,2,52.7,73224,,,,,,,,,,
50,8.7,2,36.2,125233,,,,,,,,,,
100,5.8,0,52.6,91800,,,,,,,,,,
100,6.9,3,39.1,126636,,,,,,,,,,
0,4.5,2,39.6,113944,,,,,,,,,,
0,12.8,3,44.2,46651,,,,,,,,,,
0,5.1,3,44.3,80786,,,,,,,,,,
100,3.6,1,49.5,59759,,,,,,,,,,
100,11.2,2,46.9,68034,,,,,,,,,,
0,3,1,29.9,57170,,,,,,,,,,
50,5.9,3,29.8,103892,,,,,,,,,,
0,2.1,4,44.1,33753,,,,,,,,,,
0,8,3,40.2,85703,,,,,,,,,,
0,3.2,3,35.2,29434,,,,,,,,,,
0,15.3,2,40.1,144068,,,,,,,,,,
0,9,0,47.9,111213,,,,,,,,,,
50,12.9,1,45.1,75267,,,,,,,,,,
0,4.4,3,33.2,69961,,,,,,,,,,
50,2.9,4,46.9,78793,,,,,,,,,,
50,8.4,1,52.8,134811,,,,,,,,,,
50,7.4,3,41.4,86485,,,,,,,,,,
0,2.3,0,42.3,93622,,,,,,,,,,
50,10.2,1,46,117792,,,,,,,,,,
100,3.7,0,46.9,53470,,,,,,,,,,
0,6,3,43,87859,,,,,,,,,,
0,15.8,2,53,119691,,,,,,,,,,
100,4.5,1,45.4,99478,,,,,,,,,,
0,18.4,2,51.1,71445,,,,,,,,,,
100,3.1,0,39,24780,,,,,,,,,,
50,9.4,1,42.7,162724,,,,,,,,,,
0,7.5,3,34,27889,,,,,,,,,,
50,19.7,1,45.7,217158,,,,,,,,,,
50,16.8,3,41,46473,,,,,,,,,,
0,9.1,1,41.5,105009,,,,,,,,,,
0,2.8,1,42.4,31521,,,,,,,,,,
50,14.7,0,48.4,122590,,,,,,,,,,
50,5.2,4,48.2,38136,,,,,,,,,,
50,5.5,1,40,122307,,,,,,,,,,
50,10.8,3,47.4,167119,,,,,,,,,,
0,6,3,49.4,153528,,,,,,,,,,
100,4.8,1,42.3,106310,,,,,,,,,,
0,7.4,1,45.2,29760,,,,,,,,,,
100,7.3,2,43.8,132502,,,,,,,,,,
100,13.9,1,50.1,136103,,,,,,,,,,
0,19.7,3,57.3,266884,,,,,,,,,,
0,8.2,4,53.4,108463,,,,,,,,,,
50,14.4,2,45,95147,,,,,,,,,,
50,11,1,43,170167,,,,,,,,,,
100,5.1,0,37.1,125157,,,,,,,,,,
0,7.1,2,40.1,45559,,,,,,,,,,
100,4.4,1,31.8,67370,,,,,,,,,,
0,9.4,3,35.3,60663,,,,,,,,,,
0,12.1,2,42.3,36556,,,,,,,,,,
0,1.8,3,48.7,98476,,,,,,,,,,
100,6.7,3,42.6,151509,,,,,,,,,,
0,7.2,2,51,103788,,,,,,,,,,
0,8.7,1,44.8,145671,,,,,,,,,,
50,10.7,2,52.5,132652,,,,,,,,,,
0,6,0,39.6,139781,,,,,,,,,,
100,18.4,2,46.6,57391,,,,,,,,,,
0,8.3,3,47.5,166659,,,,,,,,,,
100,14.2,3,43.9,47128,,,,,,,,,,
50,8.2,2,39.3,119864,,,,,,,,,,
100,10.7,0,43.9,116269,,,,,,,,,,
0,11.8,1,53,94688,,,,,,,,,,
100,7.3,1,38.7,132410,,,,,,,,,,
100,12.2,3,48.2,282289,,,,,,,,,,
50,13.9,2,39.3,58870,,,,,,,,,,
50,12.8,2,40.7,151010,,,,,,,,,,
50,3,1,45,25363,,,,,,,,,,
0,0.8,2,48.1,96559,,,,,,,,,,
50,8,0,33.7,124633,,,,,,,,,,
0,8.6,1,49.1,36664,,,,,,,,,,
0,0.1,2,46,84060,,,,,,,,,,
100,6.8,4,48,45371,,,,,,,,,,
50,0,2,41.4,81526,,,,,,,,,,
100,4.3,1,42.5,154214,,,,,,,,,,
0,5,2,42.8,37088,,,,,,,,,,
0,0.2,1,37.3,57875,,,,,,,,,,
100,4.5,2,50.6,64408,,,,,,,,,,
0,4.1,3,39.3,152308,,,,,,,,,,
50,0,1,37.1,94361,,,,,,,,,,
100,19.6,2,59.7,220647,,,,,,,,,,
50,16.9,2,52.2,126884,,,,,,,,,,
0,13.4,3,45.3,147110,,,,,,,,,,
50,7.6,4,37.6,56205,,,,,,,,,,
50,9.8,0,53.4,215858,,,,,,,,,,
50,10.4,2,41.7,184990,,,,,,,,,,
50,10.3,1,46.1,169911,,,,,,,,,,
50,9.3,1,50.1,34119,,,,,,,,,,
50,5.2,1,44.1,122233,,,,,,,,,,
100,9.8,2,44.5,131090,,,,,,,,,,
50,6.6,1,41.3,102105,,,,,,,,,,
100,8.5,1,37.3,50481,,,,,,,,,,
100,9.5,6,44.2,73136,,,,,,,,,,
50,5.8,2,53.5,59816,,,,,,,,,,
0,13.1,1,58.3,127968,,,,,,,,,,
100,11.4,0,38.3,212103,,,,,,,,,,
50,4.3,2,40.5,164005,,,,,,,,,,
0,3.4,3,38.4,72853,,,,,,,,,,
50,8.6,0,46.2,29446,,,,,,,,,,
100,18.2,2,60.6,186106,,,,,,,,,,
50,7.2,2,49.9,107512,,,,,,,,,,
50,8.3,0,47.7,74697,,,,,,,,,,
0,11.9,4,48.2,124995,,,,,,,,,,
100,7.8,2,53.1,95475,,,,,,,,,,
0,2.7,2,33.6,28433,,,,,,,,,,
100,6.8,2,38.5,90311,,,,,,,,,,
50,18.4,4,53.8,303837,,,,,,,,,,
50,13,1,44.7,62387,,,,,,,,,,
0,14.6,3,52.1,180699,,,,,,,,,,
0,5.5,1,43,146948,,,,,,,,,,
100,8.4,2,46.4,53366,,,,,,,,,,
0,5.4,2,46.2,23831,,,,,,,,,,
0,10.3,1,45.6,81506,,,,,,,,,,
100,6.9,0,46.5,46762,,,,,,,,,,
0,12,0,45.3,37470,,,,,,,,,,
0,5.4,2,40.1,195100,,,,,,,,,,
100,11,2,38.2,25203,,,,,,,,,,
0,0,1,53.9,33860,,,,,,,,,,
0,6.3,1,35.1,49142,,,,,,,,,,
0,10.9,2,51.2,104982,,,,,,,,,,
50,9.9,4,55.6,48052,,,,,,,,,,
0,4,6,40,122587,,,,,,,,,,
50,12.8,2,43.1,137409,,,,,,,,,,
0,7.1,2,44.1,23227,,,,,,,,,,
50,10.3,2,60.3,129545,,,,,,,,,,
50,0,2,39,135513,,,,,,,,,,
50,4,3,45.7,85211,,,,,,,,,,
0,6.3,3,35.8,157330,,,,,,,,,,
100,3.8,2,55.8,91648,,,,,,,,,,
100,16.5,2,56,81781,,,,,,,,,,
0,10.9,2,45.3,108468,,,,,,,,,,
0,18.4,0,39.5,144564,,,,,,,,,,
0,10.9,2,42,229569,,,,,,,,,,
50,6.9,0,55.5,28373,,,,,,,,,,
0,3.6,1,39.3,62856,,,,,,,,,,
0,6.2,1,50.4,25309,,,,,,,,,,
50,22.1,4,44.1,153114,,,,,,,,,,
0,9.2,2,43.2,37166,,,,,,,,,,
50,11.2,2,43.3,149828,,,,,,,,,,
100,2.3,2,47.4,45645,,,,,,,,,,
50,8.6,2,51.7,231925,,,,,,,,,,
0,6.4,1,43.4,119998,,,,,,,,,,
0,5.2,1,42.7,41077,,,,,,,,,,
100,2.9,2,40.1,69533,,,,,,,,,,
100,5.7,1,42.9,26246,,,,,,,,,,
0,3.8,2,54.7,70134,,,,,,,,,,
0,5.3,1,41.5,76327,,,,,,,,,,
50,1.6,1,36.3,19388,,,,,,,,,,
0,9.2,0,49.6,372347,,,,,,,,,,
0,10.8,0,54.8,144659,,,,,,,,,,
0,12.7,2,53.2,106419,,,,,,,,,,
0,9.7,2,49,29057,,,,,,,,,,
50,11.7,2,43.6,24992,,,,,,,,,,
50,16.2,2,49.5,116255,,,,,,,,,,
0,0,1,49.5,73508,,,,,,,,,,
100,11.4,3,49.8,133453,,,,,,,,,,
0,4.4,1,29.3,127494,,,,,,,,,,
100,9.7,3,39.5,150407,,,,,,,,,,
0,6.3,0,43.3,91855,,,,,,,,,,
50,0.2,3,41.1,17715,,,,,,,,,,
50,5.4,1,48.7,99728,,,,,,,,,,
0,4.4,1,57.2,122628,,,,,,,,,,
100,7.5,1,47.9,113049,,,,,,,,,,
100,0,0,41,30380,,,,,,,,,,
50,0.8,0,44.3,33376,,,,,,,,,,
100,23.1,2,50.5,57216,,,,,,,,,,
50,0,0,44.4,88492,,,,,,,,,,
50,6.5,1,40.6,29454,,,,,,,,,,
50,5,1,51.7,122308,,,,,,,,,,
0,7.8,0,38.7,89028,,,,,,,,,,
0,4.8,4,41.9,59322,,,,,,,,,,
50,5.8,2,37.9,84486,,,,,,,,,,
0,7.2,0,42.9,28504,,,,,,,,,,
100,3.9,0,37.8,33522,,,,,,,,,,
100,11.3,2,53.1,170490,,,,,,,,,,
0,2.8,3,42.3,146434,,,,,,,,,,
0,8.2,3,50.5,95693,,,,,,,,,,
100,2.5,3,39.6,57166,,,,,,,,,,
0,7.7,4,44.1,56783,,,,,,,,,,
100,7.2,1,41.1,118810,,,,,,,,,,
0,15.9,1,40.6,56554,,,,,,,,,,
50,8.2,3,40.9,97560,,,,,,,,,,
50,0,1,43.2,92247,,,,,,,,,,
0,9.2,0,43.1,148261,,,,,,,,,,
0,0.6,0,37.3,25680,,,,,,,,,,
0,4.6,0,38.4,165744,,,,,,,,,,
100,4.2,2,35.2,113000,,,,,,,,,,
50,4.9,1,46,78384,,,,,,,,,,
0,1.2,3,35.1,106841,,,,,,,,,,
100,0.9,7,44.6,27190,,,,,,,,,,
100,9.7,2,51.3,54357,,,,,,,,,,
0,4.5,1,43.3,119184,,,,,,,,,,
100,9,1,42.2,161529,,,,,,,,,,
0,14,4,50.9,49444,,,,,,,,,,
0,7.7,0,54.8,104857,,,,,,,,,,
100,2.5,2,40,52500,,,,,,,,,,
0,4.1,3,39.9,100791,,,,,,,,,,
0,6.3,0,42.2,132217,,,,,,,,,,
50,7.2,3,52,65521,,,,,,,,,,
100,4.4,4,51.8,76860,,,,,,,,,,
0,11.1,1,36.6,157717,,,,,,,,,,
0,3,1,43,56459,,,,,,,,,,
50,5.4,1,43.9,107505,,,,,,,,,,
0,3,4,38.4,52328,,,,,,,,,,
100,8,2,40.5,89299,,,,,,,,,,
0,9.9,4,57.7,67541,,,,,,,,,,
50,12.5,1,47,127189,,,,,,,,,,
0,1.8,2,47.6,47881,,,,,,,,,,
50,2.9,3,40.6,171744,,,,,,,,,,
0,1.6,0,48.2,67362,,,,,,,,,,
100,1.2,1,46.9,114050,,,,,,,,,,
50,1.2,1,40.7,61399,,,,,,,,,,
100,9.1,2,58.2,109227,,,,,,,,,,
0,9.2,0,48.6,141805,,,,,,,,,,
50,1.4,2,52.4,68905,,,,,,,,,,
0,0,1,47.7,59699,,,,,,,,,,
0,6.6,2,50.6,73331,,,,,,,,,,
50,20.9,2,40.7,161922,,,,,,,,,,
50,12.4,5,47,161871,,,,,,,,,,
50,2.2,1,39.4,53726,,,,,,,,,,
0,13.7,4,46.3,71369,,,,,,,,,,
0,4.6,1,51.5,116876,,,,,,,,,,
0,9.1,5,36.7,141600,,,,,,,,,,
0,5.2,2,36.4,154662,,,,,,,,,,
50,17.5,1,46,190222,,,,,,,,,,
50,3.8,2,41.3,91455,,,,,,,,,,
100,19.2,4,51.9,110526,,,,,,,,,,
0,5.9,3,38.1,138558,,,,,,,,,,
0,5.7,0,49.8,85239,,,,,,,,,,
0,10.3,6,42.6,162004,,,,,,,,,,
0,8.3,1,41.8,51943,,,,,,,,,,
50,15.4,1,48.9,113330,,,,,,,,,,
50,13.2,3,45,119846,,,,,,,,,,
0,7.3,1,39.4,98144,,,,,,,,,,
0,5.7,0,37.8,181438,,,,,,,,,,
100,15.1,1,43,41126,,,,,,,,,,
0,3.5,1,35.1,46677,,,,,,,,,,
0,6.9,3,47.2,36551,,,,,,,,,,
100,10.3,0,46.4,93575,,,,,,,,,,
100,13.5,0,58.4,122655,,,,,,,,,,
0,7.3,4,48.9,70032,,,,,,,,,,
50,9,1,43.3,172765,,,,,,,,,,
0,9.4,3,46,55431,,,,,,,,,,
0,9.7,3,40.9,54128,,,,,,,,,,
50,0,0,38.3,54849,,,,,,,,,,
100,2.4,1,41.7,18196,,,,,,,,,,
50,14.7,2,56.1,198639,,,,,,,,,,
100,7.5,3,47.3,97056,,,,,,,,,,
100,2.6,0,41.1,127456,,,,,,,,,,
100,12.4,1,39.6,104457,,,,,,,,,,
0,15.4,3,34.9,112331,,,,,,,,,,
0,8.8,1,52.6,66438,,,,,,,,,,
100,2.4,1,41.1,41090,,,,,,,,,,
0,10.2,3,35.7,141629,,,,,,,,,,
0,10.4,1,46.3,49419,,,,,,,,,,
0,3.7,3,48,19450,,,,,,,,,,
0,15.1,2,42.7,59234,,,,,,,,,,
50,5.5,1,39.6,56879,,,,,,,,,,
0,9.3,4,51.6,94764,,,,,,,,,,
0,3.1,3,40.2,72977,,,,,,,,,,
100,19.4,6,49.7,38161,,,,,,,,,,
0,8.9,2,48.2,127553,,,,,,,,,,
0,11.7,5,40.1,213832,,,,,,,,,,
50,1.1,1,38.7,85860,,,,,,,,,,
100,12.6,0,43.2,146664,,,,,,,,,,
50,7.9,3,37.6,182504,,,,,,,,,,
50,13.5,1,41.6,46983,,,,,,,,,,
50,7.5,2,46,59209,,,,,,,,,,
0,3.1,1,38.4,90450,,,,,,,,,,
0,9,0,44,65576,,,,,,,,,,
50,3.8,0,53.2,24610,,,,,,,,,,
0,11.3,1,50.5,101739,,,,,,,,,,
100,12.5,3,47.4,126542,,,,,,,,,,
100,5,5,35.3,141393,,,,,,,,,,
0,16.5,2,48.4,148455,,,,,,,,,,
50,12.3,2,54.6,89572,,,,,,,,,,
50,11.6,1,47,119791,,,,,,,,,,
0,20.2,3,52.3,119024,,,,,,,,,,
50,3.7,3,34.2,60890,,,,,,,,,,
0,18.3,0,40.4,106567,,,,,,,,,,
0,4.6,0,51,106877,,,,,,,,,,
100,2.6,3,39.5,96988,,,,,,,,,,
100,11,0,53.9,109405,,,,,,,,,,
0,7.8,2,40.6,83616,,,,,,,,,,
0,4.8,0,43.9,38169,,,,,,,,,,
0,22.1,2,44.9,181708,,,,,,,,,,
0,9.3,0,43,114661,,,,,,,,,,
50,12.2,0,40,110384,,,,,,,,,,
0,9.9,1,50.7,38776,,,,,,,,,,
0,10,2,39.6,107752,,,,,,,,,,
50,6.9,3,43.8,95418,,,,,,,,,,
100,10.4,3,49.4,90663,,,,,,,,,,
100,14.6,3,55.3,149846,,,,,,,,,,
50,3.9,2,52.4,99259,,,,,,,,,,
50,6.6,2,49.8,50502,,,,,,,,,,
0,0.4,4,46.3,21891,,,,,,,,,,
50,2,1,30.1,53393,,,,,,,,,,
50,2.8,2,49.3,41060,,,,,,,,,,
0,5,0,36.6,104531,,,,,,,,,,
100,6.7,0,50,49738,,,,,,,,,,
50,10.8,3,49.5,90796,,,,,,,,,,
100,7.3,1,44.1,57840,,,,,,,,,,
0,11.5,3,45.4,139279,,,,,,,,,,
100,10.3,0,55.5,27931,,,,,,,,,,
0,1.9,6,37.3,67291,,,,,,,,,,
100,11.4,4,41.7,112044,,,,,,,,,,
100,0.4,1,43.8,86568,,,,,,,,,,
100,7.6,1,49.2,114786,,,,,,,,,,
0,10.9,0,39.5,48645,,,,,,,,,,
100,10.1,1,46.2,46417,,,,,,,,,,
50,6.7,0,39.3,28850,,,,,,,,,,
50,6.6,2,42.5,121223,,,,,,,,,,
0,14.3,0,54.5,164552,,,,,,,,,,
100,8.1,2,32.3,203941,,,,,,,,,,
0,7.7,3,43.9,107311,,,,,,,,,,
50,10.2,2,40,110538,,,,,,,,,,
50,15.2,3,44.6,86665,,,,,,,,,,
100,10.6,0,48.6,109302,,,,,,,,,,
0,11.5,5,42.9,172595,,,,,,,,,,
0,6.1,0,52.4,73707,,,,,,,,,,
100,15.3,5,46.6,167404,,,,,,,,,,
0,3.5,2,38.9,77332,,,,,,,,,,
50,8.9,1,45.6,230279,,,,,,,,,,
100,1.5,0,49.9,49909,,,,,,,,,,
50,6.2,0,48.4,87623,,,,,,,,,,
0,2.3,1,49.4,69048,,,,,,,,,,
50,9.8,1,41.3,95860,,,,,,,,,,
100,11.1,1,49.1,180130,,,,,,,,,,
100,12,3,46,142673,,,,,,,,,,
50,7.1,2,47,100049,,,,,,,,,,
0,9.3,2,51.1,99563,,,,,,,,,,
0,7.9,0,44.9,22142,,,,,,,,,,
0,4.6,4,36.5,37823,,,,,,,,,,
50,10.7,0,49.7,152645,,,,,,,,,,
50,19.4,3,46.6,52121,,,,,,,,,,
50,1.8,2,47.4,113803,,,,,,,,,,
0,5.3,0,46.6,134847,,,,,,,,,,
0,4,1,37.7,85364,,,,,,,,,,
100,7.1,0,35.9,119763,,,,,,,,,,
0,2.8,0,37.1,39712,,,,,,,,,,
100,3.2,0,43.3,81150,,,,,,,,,,
50,20.9,2,51.5,172489,,,,,,,,,,
0,1.3,1,49.2,30275,,,,,,,,,,
100,0.8,2,42.6,78356,,,,,,,,,,
0,5.2,1,41.9,90813,,,,,,,,,,
50,14.3,4,46.1,42378,,,,,,,,,,
0,7,3,50.9,91774,,,,,,,,,,
50,13.5,2,52.6,39481,,,,,,,,,,
0,8.3,3,55,67720,,,,,,,,,,
100,6.5,1,40.2,77397,,,,,,,,,,
0,9.4,0,53,80515,,,,,,,,,,
100,4.8,1,49,38223,,,,,,,,,,
100,0,1,40.3,25281,,,,,,,,,,
100,1.8,1,56.1,95754,,,,,,,,,,
50,7,2,44.1,153321,,,,,,,,,,
0,0.8,0,38.4,22787,,,,,,,,,,
50,7.1,4,41.4,118793,,,,,,,,,,
0,3.6,0,52.4,38589,,,,,,,,,,
100,1.9,0,43.4,129909,,,,,,,,,,
0,6.8,1,39.3,114802,,,,,,,,,,
0,8,1,44.1,35479,,,,,,,,,,
0,16.8,0,48.3,216597,,,,,,,,,,
0,3.2,3,51,93391,,,,,,,,,,
0,10.2,1,39.7,75532,,,,,,,,,,
0,4.1,0,36.4,84593,,,,,,,,,,
0,10.3,1,46,92707,,,,,,,,,,
50,3.5,2,38.7,76791,,,,,,,,,,
0,3.7,2,47.1,74829,,,,,,,,,,
0,3.8,3,38.4,34557,,,,,,,,,,
50,18.9,4,53.2,228953,,,,,,,,,,
0,11.2,2,44.9,295168,,,,,,,,,,
100,6.4,1,45.9,72328,,,,,,,,,,
50,6.1,0,36.2,122307,,,,,,,,,,
50,12.5,1,39.6,132978,,,,,,,,,,
100,18.1,2,44.9,361230,,,,,,,,,,
0,7.4,2,36.1,35835,,,,,,,,,,
0,11.6,4,34.4,184023,,,,,,,,,,
100,14.9,3,39.3,129669,,,,,,,,,,
100,16.9,1,55.7,127475,,,,,,,,,,
0,2.3,3,37.4,96889,,,,,,,,,,
100,16.1,3,40.7,189549,,,,,,,,,,
0,10.3,4,53.2,197711,,,,,,,,,,
50,12,4,38.2,111688,,,,,,,,,,
100,7.7,3,42.7,119881,,,,,,,,,,
0,15.6,0,42.6,116361,,,,,,,,,,
100,9.9,2,40.1,45571,,,,,,,,,,
0,10,2,52.6,137473,,,,,,,,,,
50,10.8,2,41.3,149562,,,,,,,,,,
50,3.8,3,44.1,56325,,,,,,,,,,
100,5.5,1,53,31031,,,,,,,,,,
50,9.4,0,45.2,168028,,,,,,,,,,
50,0,1,40.4,20350,,,,,,,,,,
0,5,2,46.8,80079,,,,,,,,,,
50,4.6,0,30.7,119540,,,,,,,,,,
100,9.7,0,54.5,80221,,,,,,,,,,
0,10.1,2,42.8,100498,,,,,,,,,,
0,9.9,4,30.9,157144,,,,,,,,,,
0,18.6,1,52.8,144557,,,,,,,,,,
100,11.6,1,43.6,45354,,,,,,,,,,
50,9,4,43.9,50302,,,,,,,,,,
0,6.8,1,45.1,94135,,,,,,,,,,
0,13,3,47.8,107396,,,,,,,,,,
50,2.4,2,44.2,82394,,,,,,,,,,
50,12,4,42.1,68729,,,,,,,,,,
0,1.6,2,36,18430,,,,,,,,,,
100,10.6,1,42.6,131228,,,,,,,,,,
100,11,1,42,106332,,,,,,,,,,
0,15.2,6,55.7,141213,,,,,,,,,,
0,8.2,0,49.3,87565,,,,,,,,,,
0,9.7,4,45.5,47752,,,,,,,,,,
0,1.9,2,52,74831,,,,,,,,,,
0,15.5,5,39.5,198756,,,,,,,,,,
0,13.8,4,46.8,75214,,,,,,,,,,
0,14.6,2,54,90488,,,,,,,,,,
0,10.4,2,40.6,164941,,,,,,,,,,
50,4.8,5,43.8,35267,,,,,,,,,,
0,5.7,1,42.7,94673,,,,,,,,,,
100,6.2,1,52.3,67759,,,,,,,,,,
0,9.4,3,41.4,61770,,,,,,,,,,
0,7.1,2,47.4,73350,,,,,,,,,,
100,8.1,2,48.1,65956,,,,,,,,,,
100,9.6,1,50.4,74081,,,,,,,,,,
100,11.7,1,44.3,90546,,,,,,,,,,
0,11.9,1,52.6,58404,,,,,,,,,,
0,10.3,0,53.5,128527,,,,,,,,,,
0,10,2,43.7,89395,,,,,,,,,,
0,12.6,0,43.3,85220,,,,,,,,,,
50,4.6,1,34.4,59920,,,,,,,,,,
0,9.9,1,45.2,154041,,,,,,,,,,
0,16.7,5,47,187756,,,,,,,,,,
100,15.4,5,44.7,157343,,,,,,,,,,
50,8.3,1,52.3,35746,,,,,,,,,,
0,12.2,0,44.5,92775,,,,,,,,,,
100,5.9,1,38.2,185306,,,,,,,,,,
0,5.4,2,41.2,50839,,,,,,,,,,
0,8.8,1,45.4,147638,,,,,,,,,,
50,17.8,6,38.6,244462,,,,,,,,,,
100,16.2,5,50.7,189546,,,,,,,,,,
50,1,4,43.7,22735,,,,,,,,,,
100,12.5,2,45.5,56504,,,,,,,,,,
0,15.3,3,48.3,96879,,,,,,,,,,
0,10.1,2,52.3,96416,,,,,,,,,,
0,3.3,0,43.6,96225,,,,,,,,,,
0,6.7,3,45.7,62130,,,,,,,,,,
100,6.5,0,47.9,57614,,,,,,,,,,
0,9.6,1,42.2,197720,,,,,,,,,,
100,4.1,0,45.1,84678,,,,,,,,,,
100,6,3,45.1,133341,,,,,,,,,,
100,11.7,1,39.2,116251,,,,,,,,,,
100,7.2,0,49.2,49481,,,,,,,,,,
0,0.5,0,34.1,29375,,,,,,,,,,
100,6.5,4,26.4,79651,,,,,,,,,,
0,9.6,2,52.4,40008,,,,,,,,,,
50,20.3,5,53,93038,,,,,,,,,,
100,1.8,1,27.5,41269,,,,,,,,,,
0,6.2,1,42.7,138416,,,,,,,,,,
0,7.1,2,43,115162,,,,,,,,,,
0,3.8,5,42.3,31421,,,,,,,,,,
0,0,1,40.9,78810,,,,,,,,,,
50,14.4,0,38.8,84951,,,,,,,,,,
0,5.8,1,47.1,106115,,,,,,,,,,
100,8.6,2,50.1,102672,,,,,,,,,,
0,12.4,0,54.6,70784,,,,,,,,,,
100,4,0,45.6,23072,,,,,,,,,,
0,1.4,2,39.9,48832,,,,,,,,,,
0,14.7,4,58.6,168427,,,,,,,,,,
0,13,3,44.6,144073,,,,,,,,,,
50,0,2,46.1,28038,,,,,,,,,,
0,4.5,3,51,30173,,,,,,,,,,
0,9.5,0,55.7,166426,,,,,,,,,,
0,2,4,47.3,148726,,,,,,,,,,
0,5.1,1,53.7,89393,,,,,,,,,,
50,10.1,2,52.6,135458,,,,,,,,,,
0,6.8,0,41.1,28523,,,,,,,,,,
50,17,2,42.6,275722,,,,,,,,,,
0,14,4,47.4,112381,,,,,,,,,,
100,20.9,4,48.9,197957,,,,,,,,,,
0,8.8,3,45.2,123981,,,,,,,,,,
50,6.5,2,44.9,119843,,,,,,,,,,
0,3.1,2,38.6,19415,,,,,,,,,,
50,10,0,36.1,35409,,,,,,,,,,
100,4.1,1,46.7,48070,,,,,,,,,,
0,8.5,0,44.6,46161,,,,,,,,,,
100,3.1,2,32.5,44875,,,,,,,,,,
0,8.4,5,42.8,128020,,,,,,,,,,
100,10.9,2,54.8,124660,,,,,,,,,,
50,19.4,2,50.4,229134,,,,,,,,,,
0,14.4,3,38.2,105008,,,,,,,,,,
100,3.9,0,38.9,39762,,,,,,,,,,
50,12.9,0,48.6,97134,,,,,,,,,,
100,5.2,2,37.8,67026,,,,,,,,,,
0,5.6,1,36.3,115635,,,,,,,,,,
0,5.5,1,43.9,71279,,,,,,,,,,
0,5.8,0,46.2,59508,,,,,,,,,,
100,6.4,1,43.1,30294,,,,,,,,,,
100,7,2,45.7,106888,,,,,,,,,,
0,9.9,0,50.3,143999,,,,,,,,,,
100,10.8,1,44.3,146978,,,,,,,,,,
50,1.2,3,41.3,92672,,,,,,,,,,
0,2.4,0,32.1,20642,,,,,,,,,,
100,0,0,48.9,64217,,,,,,,,,,
50,11,0,47.8,55261,,,,,,,,,,
100,7.6,2,54.8,88299,,,,,,,,,,
0,16,2,50.8,149629,,,,,,,,,,
100,9.6,2,44.7,77515,,,,,,,,,,
50,11,1,48.5,48457,,,,,,,,,,
100,1.3,1,41.1,82167,,,,,,,,,,
100,1.7,1,41.6,25144,,,,,,,,,,
50,5.4,2,43.1,88139,,,,,,,,,,
0,8,2,41.7,91221,,,,,,,,,,
0,18.3,2,54.5,23958,,,,,,,,,,
50,10.5,2,55.9,206991,,,,,,,,,,
50,1.5,1,40.5,50669,,,,,,,,,,
50,5.6,1,40,36323,,,,,,,,,,
0,11,2,43.6,85519,,,,,,,,,,
100,11.8,1,43.4,274050,,,,,,,,,,
50,8,2,46.7,132145,,,,,,,,,,
50,14.7,4,45.1,198200,,,,,,,,,,
50,0,2,34.8,95480,,,,,,,,,,
50,14.2,1,54.9,70986,,,,,,,,,,
50,10.1,2,51.8,187933,,,,,,,,,,
50,8.4,2,45.8,100069,,,,,,,,,,
100,1,0,30.4,35791,,,,,,,,,,
0,1.3,1,42.9,18856,,,,,,,,,,
0,11.6,3,34.8,24144,,,,,,,,,,
100,9.5,2,47.8,88866,,,,,,,,,,
50,5.2,6,33.1,115617,,,,,,,,,,
100,2.7,0,43.4,31843,,,,,,,,,,
50,7.1,1,45.5,49343,,,,,,,,,,
100,10.3,1,41.5,103417,,,,,,,,,,
0,8.4,1,50.2,42308,,,,,,,,,,
0,20.1,2,47.6,74217,,,,,,,,,,
100,14.1,2,40.9,242812,,,,,,,,,,
50,8.9,3,46.7,244604,,,,,,,,,,
0,8.5,5,45.6,136172,,,,,,,,,,
100,11.2,3,42.3,183423,,,,,,,,,,
50,9.8,5,43.2,70524,,,,,,,,,,
100,3.3,2,35.7,30312,,,,,,,,,,
100,11,2,45.8,144793,,,,,,,,,,
0,11.5,4,41.2,21230,,,,,,,,,,
100,0,2,39.4,59349,,,,,,,,,,
100,13.1,2,41.7,144088,,,,,,,,,,
0,10.9,3,45.3,65556,,,,,,,,,,
0,11.6,1,44.1,181539,,,,,,,,,,
50,9.1,2,32.4,141546,,,,,,,,,,
50,14.3,4,48.4,103673,,,,,,,,,,
0,5.1,2,34.4,90220,,,,,,,,,,
0,14.9,3,44.9,197129,,,,,,,,,,
0,5.7,3,46.7,98247,,,,,,,,,,
50,6.6,0,44.8,93014,,,,,,,,,,
50,5.2,1,48.8,65199,,,,,,,,,,
100,7.6,2,40,88986,,,,,,,,,,
100,0.5,2,40.2,70086,,,,,,,,,,
50,9.7,3,29.7,130601,,,,,,,,,,
100,4.4,2,43.6,111616,,,,,,,,,,
0,12.2,1,40.9,111330,,,,,,,,,,
100,12.1,2,45.6,116155,,,,,,,,,,
50,3,2,47.4,86248,,,,,,,,,,
0,12.4,2,45.5,58530,,,,,,,,,,
100,6.6,2,48.2,167323,,,,,,,,,,
0,9,1,48.5,106009,,,,,,,,,,
100,14.7,2,39.4,177946,,,,,,,,,,
100,5.4,4,42.9,40645,,,,,,,,,,
0,12.8,1,30.3,87800,,,,,,,,,,
100,19.7,1,45.9,312050,,,,,,,,,,
50,13.7,2,47.7,45346,,,,,,,,,,
50,12.4,4,43.7,207327,,,,,,,,,,
0,19.6,2,45.6,157783,,,,,,,,,,
0,6.1,2,38.8,43245,,,,,,,,,,
0,11.6,2,50.6,164529,,,,,,,,,,
50,3,1,46.1,49999,,,,,,,,,,
50,8.3,0,43.9,39901,,,,,,,,,,
0,0,0,38.8,41417,,,,,,,,,,
100,10.7,1,54,116258,,,,,,,,,,
0,2,3,43.3,72760,,,,,,,,,,
100,8.1,1,40.1,98058,,,,,,,,,,
100,2.1,1,35.9,27750,,,,,,,,,,
0,13.9,6,44.9,36282,,,,,,,,,,
50,9.7,0,46.1,199133,,,,,,,,,,
0,13.4,1,36.5,22257,,,,,,,,,,
50,8.7,1,51.7,35090,,,,,,,,,,
100,1.7,1,39.3,97694,,,,,,,,,,
50,13.4,1,47.8,210671,,,,,,,,,,
0,10.6,0,47.2,250477,,,,,,,,,,
50,7.8,0,56,62680,,,,,,,,,,
0,7.9,0,44.2,81307,,,,,,,,,,
50,16.6,1,48.5,191738,,,,,,,,,,
50,13.3,1,47.9,96603,,,,,,,,,,
0,13.4,2,36.3,115402,,,,,,,,,,
100,5.7,1,40,92043,,,,,,,,,,
0,6.7,2,37.9,112804,,,,,,,,,,
0,1.5,1,39.6,19990,,,,,,,,,,
0,5.3,0,43.7,110945,,,,,,,,,,
50,1.3,3,53.8,76105,,,,,,,,,,
0,4.2,1,40.5,106920,,,,,,,,,,
100,5.1,1,44.8,100115,,,,,,,,,,
0,0,1,55.1,67348,,,,,,,,,,
100,11.6,0,52.9,46116,,,,,,,,,,
0,10.8,2,41.1,191522,,,,,,,,,,
50,17.9,4,39.3,113521,,,,,,,,,,
50,20.9,0,55.5,221528,,,,,,,,,,
0,8.5,1,38.9,104742,,,,,,,,,,
50,10.6,1,44.8,30711,,,,,,,,,,
50,9.9,1,43.9,54538,,,,,,,,,,
100,11.3,3,36.7,81863,,,,,,,,,,
0,2.2,1,43.3,67697,,,,,,,,,,
0,4.9,3,42.1,119430,,,,,,,,,,
50,14.2,2,51.8,68923,,,,,,,,,,
0,3.3,2,41.1,100258,,,,,,,,,,
0,7.2,2,39.9,45948,,,,,,,,,,
50,17.9,4,52.3,207110,,,,,,,,,,
50,7.7,1,38.4,144055,,,,,,,,,,
100,2.2,0,45.5,102082,,,,,,,,,,
100,6.9,2,51.3,171103,,,,,,,,,,
50,0.6,0,32.4,72068,,,,,,,,,,
100,2,2,49.9,67635,,,,,,,,,,
100,10.5,2,40.4,161225,,,,,,,,,,
100,7.8,1,48.1,111265,,,,,,,,,,
0,3.7,0,45,119120,,,,,,,,,,
100,11.3,2,39.1,150998,,,,,,,,,,
100,16.6,2,51.6,292767,,,,,,,,,,
0,18.9,2,44.8,196440,,,,,,,,,,
50,13.3,0,40.7,97358,,,,,,,,,,
100,2.4,0,38.1,37525,,,,,,,,,,
100,11.9,1,37.6,184866,,,,,,,,,,
0,10.4,1,41.1,47464,,,,,,,,,,
0,5.2,0,43.1,117158,,,,,,,,,,
100,9.4,2,58.5,184763,,,,,,,,,,
0,10.6,2,39.2,83468,,,,,,,,,,
50,10.5,4,41.9,199314,,,,,,,,,,
0,9.9,3,43.2,51202,,,,,,,,,,
0,15.4,1,50.8,168531,,,,,,,,,,
100,0.1,0,38.3,42012,,,,,,,,,,
100,1.8,1,38.3,48016,,,,,,,,,,
0,4.8,2,52.6,113930,,,,,,,,,,
50,8.4,1,44.3,56477,,,,,,,,,,
0,14.9,2,44.3,135787,,,,,,,,,,
0,12.3,1,35.3,28074,,,,,,,,,,
100,3.6,0,48,133523,,,,,,,,,,
50,0.7,1,39.1,49584,,,,,,,,,,
0,3.7,2,38.3,140481,,,,,,,,,,
0,7.4,2,46.6,132477,,,,,,,,,,
100,19.1,3,41.4,158566,,,,,,,,,,
0,13.9,2,54.1,128652,,,,,,,,,,
100,10.1,1,46.1,27330,,,,,,,,,,
100,11.8,1,55.3,96119,,,,,,,,,,
50,16,0,44.1,153160,,,,,,,,,,
50,8,3,53.6,175539,,,,,,,,,,
50,6.5,2,46.9,140781,,,,,,,,,,
50,15.4,2,45.4,150925,,,,,,,,,,
50,7.8,1,45,196082,,,,,,,,,,
100,4,1,42.7,90428,,,,,,,,,,
50,8.2,1,48.6,166675,,,,,,,,,,
100,10.5,1,56.4,186417,,,,,,,,,,
50,9.2,3,34,94284,,,,,,,,,,
100,8.2,2,42.8,38028,,,,,,,,,,
100,14.5,4,48.8,169235,,,,,,,,,,
0,1.9,4,32.8,48647,,,,,,,,,,
100,0,2,46.4,93160,,,,,,,,,,
50,11.1,4,48.3,203226,,,,,,,,,,
0,7.6,1,30.6,121722,,,,,,,,,,
100,4.1,3,48,108193,,,,,,,,,,
0,6.6,3,41.8,150900,,,,,,,,,,
50,12.2,4,47.6,136586,,,,,,,,,,
0,15.6,3,46.3,49581,,,,,,,,,,
0,8.6,2,39.7,25777,,,,,,,,,,
0,7,3,50.2,93722,,,,,,,,,,
100,7.6,4,43,138231,,,,,,,,,,
100,0,1,40.6,67937,,,,,,,,,,
0,11.9,4,40.7,31183,,,,,,,,,,
50,6.9,4,40.3,81096,,,,,,,,,,
100,12.2,2,53.7,241959,,,,,,,,,,
0,2.7,1,42.9,94545,,,,,,,,,,
50,10.1,1,47.5,95466,,,,,,,,,,
0,0.4,1,42.4,117070,,,,,,,,,,
0,10.1,4,48.5,176546,,,,,,,,,,
100,9,1,45.5,135870,,,,,,,,,,
50,4.9,1,39.1,56010,,,,,,,,,,
0,4.2,0,42.1,24094,,,,,,,,,,
0,5.5,1,53.6,58469,,,,,,,,,,
100,6,3,48.7,85833,,,,,,,,,,
0,15.7,5,51,36241,,,,,,,,,,
0,4.8,1,45.1,30109,,,,,,,,,,
100,6.9,2,34.9,125692,,,,,,,,,,
100,16.5,3,43.2,167781,,,,,,,,,,
100,9.9,0,34.6,157638,,,,,,,,,,
50,9.4,6,53.3,154505,,,,,,,,,,
100,4.1,1,33.7,66175,,,,,,,,,,
0,7.9,1,45.5,62202,,,,,,,,,,
0,3.2,1,42,93916,,,,,,,,,,
100,8.4,0,41.9,167609,,,,,,,,,,
100,22,3,38.4,181041,,,,,,,,,,
50,0,0,48.3,42362,,,,,,,,,,
100,12.7,4,34.5,138840,,,,,,,,,,
50,12.7,0,43.5,49448,,,,,,,,,,
100,2,2,32,46856,,,,,,,,,,
0,16.6,1,56.9,180627,,,,,,,,,,
50,12.1,1,37.2,153313,,,,,,,,,,
50,4.2,0,46,63874,,,,,,,,,,
0,6.3,1,34.2,117081,,,,,,,,,,
100,10.4,2,48.5,113422,,,,,,,,,,
50,13.9,5,43,51435,,,,,,,,,,
100,8.1,2,42.6,53221,,,,,,,,,,
0,1.7,1,31.5,13559,,,,,,,,,,
0,3.3,2,44.4,111281,,,,,,,,,,
100,13.4,5,40.5,153739,,,,,,,,,,
100,20.9,2,56.2,39862,,,,,,,,,,
0,9.7,2,44.1,244553,,,,,,,,,,
50,11.1,2,36.6,97886,,,,,,,,,,
0,5.1,2,46.1,36477,,,,,,,,,,
100,3.6,0,45.8,57646,,,,,,,,,,
0,9.2,1,51.5,33019,,,,,,,,,,
100,10.6,3,45.4,162938,,,,,,,,,,
50,8.9,4,39.8,68739,,,,,,,,,,
100,11.5,0,52.6,263988,,,,,,,,,,
50,4,0,38.3,112183,,,,,,,,,,
0,2.6,0,39.7,101336,,,,,,,,,,
50,5.7,0,54.5,72657,,,,,,,,,,
100,9.5,3,43.1,92355,,,,,,,,,,
0,13.1,3,42.6,109902,,,,,,,,,,
50,2.9,1,46.3,15155,,,,,,,,,,
0,14.7,2,55.1,207709,,,,,,,,,,
50,10.4,1,38.3,146261,,,,,,,,,,
100,4.3,3,40.3,26140,,,,,,,,,,
50,9.7,0,55.2,79346,,,,,,,,,,
50,11.6,6,37.5,131600,,,,,,,,,,
0,3.9,3,49.1,127522,,,,,,,,,,
0,1,1,41,44835,,,,,,,,,,
50,5.2,0,33.5,112140,,,,,,,,,,
0,1.6,1,35.1,69225,,,,,,,,,,
0,11.8,2,45,248664,,,,,,,,,,
0,7.1,2,49.2,33223,,,,,,,,,,
0,11.6,4,45.6,56225,,,,,,,,,,
50,12.1,3,49,40499,,,,,,,,,,
0,3.9,3,44.8,31264,,,,,,,,,,
100,15.4,2,40.8,283641,,,,,,,,,,
50,18.9,4,63.4,170473,,,,,,,,,,
100,7.4,3,40.8,157581,,,,,,,,,,
0,8.2,1,46.7,60827,,,,,,,,,,
100,1.8,3,37,64543,,,,,,,,,,
50,12.9,1,50.6,65900,,,,,,,,,,
0,22.9,3,56.5,338452,,,,,,,,,,
0,9,2,43.4,163792,,,,,,,,,,
100,2.7,1,37.8,119438,,,,,,,,,,
0,1.7,2,41.5,107869,,,,,,,,,,
0,9.2,6,44.7,113399,,,,,,,,,,
0,5.1,0,37.1,72792,,,,,,,,,,
50,0,1,35.9,101525,,,,,,,,,,
0,2.5,2,31.9,64666,,,,,,,,,,
50,17,2,51.9,147394,,,,,,,,,,
0,8.1,3,42.7,82519,,,,,,,,,,
0,9.1,5,45.5,130349,,,,,,,,,,
0,4.8,1,37.9,169880,,,,,,,,,,
100,11.4,3,47.5,76054,,,,,,,,,,
50,5.5,2,46.9,108955,,,,,,,,,,
100,7.1,1,50.3,121056,,,,,,,,,,
100,4.9,1,38.9,68817,,,,,,,,,,
50,10.4,3,38.7,88153,,,,,,,,,,
100,4.5,1,39.4,93824,,,,,,,,,,
0,8.6,2,46.7,101167,,,,,,,,,,
100,11.6,1,54.7,103083,,,,,,,,,,
100,13.2,7,35,95151,,,,,,,,,,
100,4.4,2,45.2,43635,,,,,,,,,,
100,5.3,3,42.1,16279,,,,,,,,,,
100,4.5,1,40.5,104209,,,,,,,,,,
100,6.4,3,43.1,25600,,,,,,,,,,
50,10.8,2,56.1,127509,,,,,,,,,,
50,0,0,34.5,50472,,,,,,,,,,
100,3.4,1,42.6,32199,,,,,,,,,,
50,9.9,2,46,44127,,,,,,,,,,
50,6.9,3,41.7,29459,,,,,,,,,,
0,5.1,1,48.3,46016,,,,,,,,,,
0,11.3,3,38.3,94958,,,,,,,,,,
100,0,2,50.2,70565,,,,,,,,,,
0,14.2,2,55.4,94392,,,,,,,,,,
0,0.6,1,48.3,62790,,,,,,,,,,
0,11,3,44,135681,,,,,,,,,,
0,3.3,0,47.8,83765,,,,,,,,,,
0,12.4,0,50.9,126934,,,,,,,,,,
0,18.9,2,42,119955,,,,,,,,,,
50,9,1,44.4,77200,,,,,,,,,,
100,8.4,3,48.9,112578,,,,,,,,,,
50,17,0,50.9,144526,,,,,,,,,,
0,15.6,1,49.4,50070,,,,,,,,,,
0,10.7,2,49.1,111000,,,,,,,,,,
100,5.7,2,60.8,146450,,,,,,,,,,
0,6.2,2,43.4,135356,,,,,,,,,,
100,10.6,3,44.9,25417,,,,,,,,,,
0,12.1,3,53,68690,,,,,,,,,,
100,0,2,48.3,23325,,,,,,,,,,
100,12.8,4,44.7,157176,,,,,,,,,,
100,8.1,1,41.7,127588,,,,,,,,,,
50,5.7,5,44.5,66224,,,,,,,,,,
100,10.1,3,50.2,125023,,,,,,,,,,
0,8.9,3,42.1,40043,,,,,,,,,,
0,9.5,2,35.9,105991,,,,,,,,,,
50,9.3,0,61.2,79623,,,,,,,,,,
50,0.1,1,42.5,43001,,,,,,,,,,
100,6.3,3,42.3,59683,,,,,,,,,,
50,8.4,3,42.7,173819,,,,,,,,,,
50,8.2,4,45.3,106910,,,,,,,,,,
0,10.1,1,41.8,86018,,,,,,,,,,
100,8.5,1,47.2,106822,,,,,,,,,,
0,12.2,0,52.6,144743,,,,,,,,,,
0,0,1,47,39022,,,,,,,,,,
0,6.2,2,44.7,25915,,,,,,,,,,
50,10.6,1,45.6,136360,,,,,,,,,,
100,8.7,1,43,125200,,,,,,,,,,
0,9,0,37.4,54328,,,,,,,,,,
100,3.7,1,54.3,103813,,,,,,,,,,
0,0.4,5,51.3,29975,,,,,,,,,,
100,3.7,0,45.7,91997,,,,,,,,,,
0,0,2,39.5,40773,,,,,,,,,,
100,5.6,1,37.7,122413,,,,,,,,,,
50,0.5,0,42.9,61913,,,,,,,,,,
50,4.9,2,29.1,125638,,,,,,,,,,
0,6.4,4,41.6,131706,,,,,,,,,,
100,3.4,1,39,131313,,,,,,,,,,
50,7.1,0,37.9,88183,,,,,,,,,,
0,5.8,0,40.8,65896,,,,,,,,,,
0,5.5,4,40,64679,,,,,,,,,,
100,17.6,2,36.1,125345,,,,,,,,,,
100,0.5,2,42.2,25593,,,,,,,,,,
0,3.5,2,47.7,96447,,,,,,,,,,
0,10.2,1,48.5,68758,,,,,,,,,,
50,13.1,1,49.7,59898,,,,,,,,,,
100,8.6,1,38.3,129455,,,,,,,,,,
100,8.5,2,42.5,76739,,,,,,,,,,
50,6.6,1,49.9,142696,,,,,,,,,,
100,3.1,0,44.6,22494,,,,,,,,,,
50,10.8,2,41.7,61047,,,,,,,,,,
100,12.9,4,43.8,158240,,,,,,,,,,
0,12.4,3,49.3,85239,,,,,,,,,,
0,3.7,0,45,28645,,,,,,,,,,
0,0,2,51.2,22257,,,,,,,,,,
50,6.3,2,47.8,120719,,,,,,,,,,
0,9.7,1,41.2,107820,,,,,,,,,,
100,1.7,5,40,68910,,,,,,,,,,
0,10.3,2,41.3,117564,,,,,,,,,,
50,7.2,1,51.6,54158,,,,,,,,,,
100,4.8,0,47.9,51495,,,,,,,,,,
0,14.7,4,48.3,47608,,,,,,,,,,
100,6,2,32.4,81594,,,,,,,,,,
50,4.3,3,50.7,154459,,,,,,,,,,
0,3.5,2,30.7,93903,,,,,,,,,,
0,16.9,5,38.7,112189,,,,,,,,,,
100,10.3,2,40.4,83348,,,,,,,,,,
50,1.2,0,32.9,81036,,,,,,,,,,
100,2.3,0,55.8,61062,,,,,,,,,,
0,11.7,2,38.9,156248,,,,,,,,,,
0,9.7,0,43.2,139255,,,,,,,,,,
50,10.8,1,45.3,152362,,,,,,,,,,
0,10.8,2,44.9,34603,,,,,,,,,,
100,12.7,4,40.1,92915,,,,,,,,,,
100,8,0,43.6,130688,,,,,,,,,,
50,5,1,44.7,78712,,,,,,,,,,
100,0.2,0,42.6,59543,,,,,,,,,,
100,12.9,2,53.1,149580,,,,,,,,,,
100,10.8,1,43.1,107506,,,,,,,,,,
50,2.1,2,35.8,64580,,,,,,,,,,
100,11.7,3,36.3,97549,,,,,,,,,,
0,1.3,3,45.5,18041,,,,,,,,,,
100,0,2,46.4,85800,,,,,,,,,,
50,4.5,3,48.9,96989,,,,,,,,,,
0,2.4,0,32.8,95738,,,,,,,,,,
50,15.2,1,50.1,200286,,,,,,,,,,
50,0.4,2,56.8,32227,,,,,,,,,,
0,7,4,44.4,55580,,,,,,,,,,
0,0,1,41.8,52321,,,,,,,,,,
0,8.4,3,41.8,45711,,,,,,,,,,
50,5.1,0,37.4,26949,,,,,,,,,,
100,1.6,3,40.2,70777,,,,,,,,,,
100,14.5,2,44.1,52458,,,,,,,,,,
50,5.6,1,37.6,114184,,,,,,,,,,
50,15.5,1,58.7,352584,,,,,,,,,,
0,8.6,1,36.6,77385,,,,,,,,,,
100,7.9,1,60.2,107178,,,,,,,,,,
0,4.6,0,55.8,107932,,,,,,,,,,
50,13.3,3,37.8,33726,,,,,,,,,,
50,19.1,6,49.5,149015,,,,,,,,,,
100,0,2,44.9,41946,,,,,,,,,,
0,15.8,3,44.2,174334,,,,,,,,,,
100,5.1,1,42.2,131514,,,,,,,,,,
100,8.1,1,58.8,129236,,,,,,,,,,
100,13.6,3,49,138651,,,,,,,,,,
0,5.4,0,42.7,30109,,,,,,,,,,
0,1.6,1,46.2,26600,,,,,,,,,,
100,3.9,2,34.5,52671,,,,,,,,,,
100,0.1,3,40.6,15249,,,,,,,,,,
0,1.5,1,39.7,79749,,,,,,,,,,
50,9.4,3,47.2,123154,,,,,,,,,,
0,0,0,42.8,104245,,,,,,,,,,
100,9,3,48.6,155937,,,,,,,,,,
50,3.9,2,37.3,31848,,,,,,,,,,
100,6.9,1,38.3,57131,,,,,,,,,,
0,6.4,3,38.1,65054,,,,,,,,,,
100,14,1,50.3,229522,,,,,,,,,,
50,7.5,3,42,29372,,,,,,,,,,
0,18.4,4,51.8,224885,,,,,,,,,,
0,11.4,0,44.9,181671,,,,,,,,,,
0,4,2,42.7,122182,,,,,,,,,,
50,2.7,0,51.6,108442,,,,,,,,,,
50,7.5,0,51.8,28429,,,,,,,,,,
0,7.8,4,56.5,48128,,,,,,,,,,
50,0,3,40.2,60954,,,,,,,,,,
50,5,1,30.7,34857,,,,,,,,,,
50,9,3,44.2,135928,,,,,,,,,,
100,16.2,1,58.9,161147,,,,,,,,,,
100,4.2,0,36.4,215173,,,,,,,,,,
100,11.5,1,47.6,133963,,,,,,,,,,
0,1.5,3,41.2,132233,,,,,,,,,,
0,10.9,0,45.4,31454,,,,,,,,,,
50,8.7,3,34.1,166828,,,,,,,,,,
100,10.1,1,45.5,125145,,,,,,,,,,
0,3,3,41.9,98410,,,,,,,,,,
50,11.6,1,50.7,230629,,,,,,,,,,
0,6.2,1,32.9,213956,,,,,,,,,,
50,10.5,1,48.7,140592,,,,,,,,,,
0,8.4,1,56.2,61518,,,,,,,,,,
0,9.6,2,31.2,36681,,,,,,,,,,
0,6.3,0,49.9,90046,,,,,,,,,,
0,17.6,2,44.5,208613,,,,,,,,,,
0,6.5,1,37,27566,,,,,,,,,,
0,7.5,1,26.1,41978,,,,,,,,,,
50,7,4,56.8,120983,,,,,,,,,,
50,0.9,5,32,105886,,,,,,,,,,
0,0.8,2,45.3,22683,,,,,,,,,,
0,0.8,2,42.7,87693,,,,,,,,,,
100,12.8,2,45,119509,,,,,,,,,,
0,5,2,45.3,100801,,,,,,,,,,
100,9.1,3,36.3,172406,,,,,,,,,,
100,14.5,4,45.6,119463,,,,,,,,,,
100,6.1,1,41.1,42260,,,,,,,,,,
0,10.3,0,43.3,133454,,,,,,,,,,
50,7.9,2,32.8,116278,,,,,,,,,,
0,3.9,2,38,88297,,,,,,,,,,
50,2.3,1,50.4,107436,,,,,,,,,,
0,10.5,1,34.6,113692,,,,,,,,,,
0,6.2,2,39.8,103122,,,,,,,,,,
50,11.3,2,49.8,155317,,,,,,,,,,
0,0.1,0,37.2,93653,,,,,,,,,,
50,5.4,3,41.6,50030,,,,,,,,,,
100,15.9,5,50.2,214913,,,,,,,,,,
50,21.5,1,59.2,217785,,,,,,,,,,
50,8.5,0,44.8,108572,,,,,,,,,,
100,11.1,3,51.3,219743,,,,,,,,,,
0,8.9,0,46.9,48715,,,,,,,,,,
0,13.6,3,41,41507,,,,,,,,,,
0,13.1,1,42.4,157468,,,,,,,,,,
100,17.5,1,50.5,55400,,,,,,,,,,
100,9.2,1,49,186702,,,,,,,,,,
0,16.9,4,45.2,40451,,,,,,,,,,
100,5.5,1,43.6,62457,,,,,,,,,,
100,12.1,4,41.4,121946,,,,,,,,,,
0,8.3,3,41.3,48611,,,,,,,,,,
0,13.8,2,41.9,45096,,,,,,,,,,
50,8.6,1,48.4,65565,,,,,,,,,,
50,5.4,2,35.4,105945,,,,,,,,,,
50,10.1,2,51.6,95881,,,,,,,,,,
100,4.9,3,44.4,103526,,,,,,,,,,
0,0,1,44.3,34681,,,,,,,,,,
50,16,1,59.2,66659,,,,,,,,,,
0,19.2,2,48.5,178344,,,,,,,,,,
0,5.9,1,48.9,60504,,,,,,,,,,
50,2.9,0,36.3,22670,,,,,,,,,,
50,2.3,1,44,99990,,,,,,,,,,
50,7.6,2,40.9,74721,,,,,,,,,,
0,7.4,2,34.3,102005,,,,,,,,,,
50,6,2,46.9,33362,,,,,,,,,,
0,0,1,47.9,27031,,,,,,,,,,
100,7,1,48.1,37195,,,,,,,,,,
50,20,2,58,235413,,,,,,,,,,
0,2.4,0,37.4,86355,,,,,,,,,,
100,8,1,50.3,220820,,,,,,,,,,
0,10.5,1,36.9,43651,,,,,,,,,,
50,12.6,4,47.6,113570,,,,,,,,,,
100,0,1,41.2,98678,,,,,,,,,,
0,1.3,2,36.6,55547,,,,,,,,,,
100,10.3,3,42.6,74494,,,,,,,,,,
0,6.2,1,38.7,169014,,,,,,,,,,
50,3,1,36.9,120042,,,,,,,,,,
50,5.7,1,37.9,35247,,,,,,,,,,
0,4,1,42.9,33150,,,,,,,,,,
100,7.2,2,34.1,81589,,,,,,,,,,
100,9.9,3,42.3,62228,,,,,,,,,,
100,13.5,2,45.8,133094,,,,,,,,,,
50,5.7,1,46.5,69631,,,,,,,,,,
0,9.3,2,48.5,157781,,,,,,,,,,
50,13.8,3,40.9,34560,,,,,,,,,,
100,12,2,38.4,81119,,,,,,,,,,
100,8,1,41.9,76021,,,,,,,,,,
0,0.4,2,36.7,74594,,,,,,,,,,
0,19.9,5,47.5,107307,,,,,,,,,,
100,16.5,2,37.1,122647,,,,,,,,,,
100,3,2,43.1,46848,,,,,,,,,,
50,10.1,0,46.2,139998,,,,,,,,,,
0,12.3,3,45.5,135339,,,,,,,,,,
0,11,5,36.6,32355,,,,,,,,,,
0,10.2,1,53,149622,,,,,,,,,,
100,6.7,2,54.1,43660,,,,,,,,,,
0,0.7,2,31.5,12000,,,,,,,,,,
0,10.4,0,54.1,126896,,,,,,,,,,
50,3.5,3,45.6,109371,,,,,,,,,,
0,8.7,1,41.2,127869,,,,,,,,,,
100,8,2,44.2,21850,,,,,,,,,,
50,7,2,38.3,30274,,,,,,,,,,
100,10.1,2,30.9,45166,,,,,,,,,,
0,4.5,1,40.1,40726,,,,,,,,,,
0,10,1,47.8,130904,,,,,,,,,,
100,9.2,1,42.5,137599,,,,,,,,,,
0,3.9,1,34.8,53644,,,,,,,,,,
0,8.9,0,50.2,45200,,,,,,,,,,
50,14.2,3,47.9,69960,,,,,,,,,,
0,6.9,1,42.9,36135,,,,,,,,,,
0,3.3,2,49.3,41246,,,,,,,,,,
100,4.5,3,46.6,126646,,,,,,,,,,
100,17.8,3,40.9,200184,,,,,,,,,,
0,0.2,2,31.4,29655,,,,,,,,,,
0,11.3,1,36.4,181716,,,,,,,,,,
50,9.5,1,47.3,27863,,,,,,,,,,
0,9.4,0,49,149382,,,,,,,,,,
50,3.4,1,40.6,26261,,,,,,,,,,
0,0,2,43.5,20466,,,,,,,,,,
0,8.5,2,48.8,20100,,,,,,,,,,
0,9.3,1,45.5,111356,,,,,,,,,,
50,4,2,52.4,61247,,,,,,,,,,
0,5.5,0,40.2,80588,,,,,,,,,,
100,2,2,45.7,96759,,,,,,,,,,
100,7.7,2,41.1,77017,,,,,,,,,,
50,2.8,2,44.8,73774,,,,,,,,,,
100,7,3,43.3,67899,,,,,,,,,,
0,0.6,1,34.2,14885,,,,,,,,,,
100,8.3,4,48.9,55974,,,,,,,,,,
50,0.6,0,36.9,140385,,,,,,,,,,
100,3.5,1,44.2,114340,,,,,,,,,,
0,12.7,4,46.8,164628,,,,,,,,,,
50,9.8,1,46.6,47816,,,,,,,,,,
0,5.8,0,36.4,20556,,,,,,,,,,
0,12.2,1,52,123580,,,,,,,,,,
0,5.5,0,50.8,92354,,,,,,,,,,
100,6.4,2,46,28658,,,,,,,,,,
50,12.1,2,39.8,73116,,,,,,,,,,
100,9.2,1,46.2,177540,,,,,,,,,,
50,11,2,48.7,33849,,,,,,,,,,
50,13.3,2,44.6,245133,,,,,,,,,,
0,9,2,35.8,51449,,,,,,,,,,
50,10.3,1,45.9,107354,,,,,,,,,,
50,6.5,3,33.8,121150,,,,,,,,,,
0,3.9,1,32,62894,,,,,,,,,,
0,2.3,3,32.6,28011,,,,,,,,,,
0,14,3,50.1,150519,,,,,,,,,,
0,6.2,3,47.1,87161,,,,,,,,,,
0,3.8,2,47.4,125059,,,,,,,,,,
50,12.4,1,53.7,173347,,,,,,,,,,
50,10.1,1,51.6,103292,,,,,,,,,,
100,12.3,3,44.7,114565,,,,,,,,,,
100,8.8,2,37.4,32357,,,,,,,,,,
0,8.6,1,51.1,130485,,,,,,,,,,
50,9,2,49.9,142941,,,,,,,,,,
100,12.7,2,40.2,138459,,,,,,,,,,
50,3.5,1,46.5,116459,,,,,,,,,,
0,11.3,1,37,51285,,,,,,,,,,
0,6.9,3,41.1,68016,,,,,,,,,,
0,11.6,3,46.2,253442,,,,,,,,,,
0,12.3,4,37.9,95705,,,,,,,,,,
0,6.2,1,41.9,141814,,,,,,,,,,
100,10.3,3,42.8,43331,,,,,,,,,,
0,9.2,3,54,90826,,,,,,,,,,
100,7.4,3,39.8,128033,,,,,,,,,,
100,8.4,1,49.2,137242,,,,,,,,,,
50,17.7,3,45.6,38851,,,,,,,,,,
50,0.3,0,40.7,27667,,,,,,,,,,
50,4.9,2,36.7,29087,,,,,,,,,,
0,13,3,50,108884,,,,,,,,,,
50,11.8,2,48.3,183210,,,,,,,,,,
0,8.5,2,58.7,180039,,,,,,,,,,
100,8,3,36.7,72723,,,,,,,,,,
100,6.9,5,50.5,46405,,,,,,,,,,
0,1,0,36.2,102992,,,,,,,,,,
0,12.7,2,49.7,46055,,,,,,,,,,
0,4.1,0,44.4,99636,,,,,,,,,,
0,9.4,3,37.7,39708,,,,,,,,,,
0,1.4,2,35.6,84762,,,,,,,,,,
0,5.1,0,55.4,78882,,,,,,,,,,
100,9.4,2,31.8,117213,,,,,,,,,,
100,1.2,3,43.3,29591,,,,,,,,,,
0,11.8,2,51.1,146435,,,,,,,,,,
100,9.2,4,43.9,144022,,,,,,,,,,
0,18.9,1,52.3,52583,,,,,,,,,,
50,11.5,2,42.9,157474,,,,,,,,,,
100,7.9,5,53.9,83961,,,,,,,,,,
50,0.2,1,48,25136,,,,,,,,,,
50,7.8,3,42.9,75571,,,,,,,,,,
0,12.1,1,49.9,158739,,,,,,,,,,
50,0,1,43.6,48903,,,,,,,,,,
50,13.2,4,49.5,182545,,,,,,,,,,
100,15.3,0,43.1,39201,,,,,,,,,,
0,2.2,1,30.8,120574,,,,,,,,,,
50,10.1,2,60.3,54059,,,,,,,,,,
0,18.9,2,51.9,147383,,,,,,,,,,
0,1.7,3,50.4,82374,,,,,,,,,,
0,7.2,1,46.6,94618,,,,,,,,,,
0,10.4,2,45.9,170540,,,,,,,,,,
100,9.1,0,55.4,81059,,,,,,,,,,
50,10.2,0,44.4,137419,,,,,,,,,,
0,8.9,3,42.5,123765,,,,,,,,,,
0,8.1,1,43.8,48623,,,,,,,,,,
100,22.3,2,54.7,185341,,,,,,,,,,
100,3.2,4,42.9,78368,,,,,,,,,,
0,4,1,45.7,119706,,,,,,,,,,
100,14.1,1,45.5,98107,,,,,,,,,,
0,10.5,4,48.3,59569,,,,,,,,,,
0,18.9,3,51.2,321535,,,,,,,,,,
0,7.3,4,48.3,126059,,,,,,,,,,
100,16.5,3,53.2,25251,,,,,,,,,,
100,10.8,2,38,215368,,,,,,,,,,
50,6.3,2,45.1,15986,,,,,,,,,,
50,6.2,3,44.9,67167,,,,,,,,,,
0,18.9,3,37.8,270943,,,,,,,,,,
50,11,1,38.7,129157,,,,,,,,,,
50,7.2,5,37.6,98030,,,,,,,,,,
0,5.7,4,37.6,100201,,,,,,,,,,
100,10.5,1,40.8,98910,,,,,,,,,,
0,9.9,4,42.9,71961,,,,,,,,,,
100,3.1,1,45.5,24514,,,,,,,,,,
50,14.1,0,39.2,119590,,,,,,,,,,
100,6.2,1,42.5,102620,,,,,,,,,,
0,9,2,27.5,123015,,,,,,,,,,
100,4.3,0,39.9,20023,,,,,,,,,,
50,7.9,0,38.3,16349,,,,,,,,,,
0,13.2,4,34.6,192978,,,,,,,,,,
50,9.3,2,50.5,50435,,,,,,,,,,
50,15.3,1,48,159546,,,,,,,,,,
100,0.7,0,39.3,48412,,,,,,,,,,
50,7.1,3,47.7,113898,,,,,,,,,,
0,1.5,2,51.3,68756,,,,,,,,,,
100,1.3,0,41.8,18802,,,,,,,,,,
0,0.1,1,40.1,38162,,,,,,,,,,
50,4.2,3,38.2,24519,,,,,,,,,,
50,3.9,2,39.5,84943,,,,,,,,,,
0,11.2,1,49.1,75974,,,,,,,,,,
0,9.5,3,46.8,56322,,,,,,,,,,
50,13.1,1,48,144262,,,,,,,,,,
50,4.6,0,43.3,62588,,,,,,,,,,
0,7.7,0,50,67464,,,,,,,,,,
0,8.6,3,46.1,95506,,,,,,,,,,
100,15.4,0,52.1,163681,,,,,,,,,,
0,12.9,1,37.5,68824,,,,,,,,,,
0,21.7,3,61.6,222829,,,,,,,,,,
0,9.4,0,43.9,105117,,,,,,,,,,
100,12.4,2,43.3,131424,,,,,,,,,,
0,4.9,4,49.4,87457,,,,,,,,,,
0,8,1,34.5,76564,,,,,,,,,,
50,3.9,2,54.5,93985,,,,,,,,,,
0,2.6,0,37.8,66664,,,,,,,,,,
100,8.7,2,44.7,46911,,,,,,,,,,
50,2.4,1,50.5,22989,,,,,,,,,,
50,7.9,2,37.9,75187,,,,,,,,,,
100,1,2,43.4,45473,,,,,,,,,,
100,0,1,56.2,57519,,,,,,,,,,
50,0.7,0,41.8,74063,,,,,,,,,,
100,9.9,0,47,243310,,,,,,,,,,
0,7.3,2,45.5,23581,,,,,,,,,,
100,17.3,2,42.1,146465,,,,,,,,,,
100,14.2,2,39.1,182887,,,,,,,,,,
0,0.5,1,44.3,182002,,,,,,,,,,
50,7.5,2,53.2,154869,,,,,,,,,,
0,13.8,2,48.4,130495,,,,,,,,,,
100,6,1,43.9,155282,,,,,,,,,,
0,10.5,1,50.2,55267,,,,,,,,,,
0,14.1,2,43.2,88881,,,,,,,,,,
100,7.1,4,45.7,31138,,,,,,,,,,
50,14.1,5,43.8,166810,,,,,,,,,,
50,7.5,1,42.1,41618,,,,,,,,,,
50,21.6,3,48.7,220654,,,,,,,,,,
0,13.9,2,48.3,83990,,,,,,,,,,
0,14.9,4,41.5,129497,,,,,,,,,,
100,4.9,4,59,110485,,,,,,,,,,
50,8.5,0,35.2,83006,,,,,,,,,,
100,11.6,0,45.5,108877,,,,,,,,,,
0,12.3,2,47.3,38788,,,,,,,,,,
50,8.9,3,39.4,209809,,,,,,,,,,
50,11.9,0,40.6,128170,,,,,,,,,,
0,12,7,44.3,105469,,,,,,,,,,
0,13.5,2,45.1,58132,,,,,,,,,,
100,1.4,0,42.4,83471,,,,,,,,,,
100,11.1,3,53.9,25979,,,,,,,,,,
50,0,2,37.5,84576,,,,,,,,,,
0,4.4,1,46.5,63433,,,,,,,,,,
0,8,1,47.1,37077,,,,,,,,,,
0,8.9,2,51.8,53610,,,,,,,,,,
100,13,3,48.9,42129,,,,,,,,,,
100,9.7,2,39.6,189569,,,,,,,,,,
100,14.9,2,43,77752,,,,,,,,,,
100,5.6,1,48.1,100787,,,,,,,,,,
50,13.2,1,47.6,104814,,,,,,,,,,
0,20.2,1,40.9,340887,,,,,,,,,,
0,6.9,0,48.1,84329,,,,,,,,,,
0,5.4,2,33.3,78765,,,,,,,,,,
50,5.3,3,40.8,68453,,,,,,,,,,
100,7.6,3,42.5,104248,,,,,,,,,,
100,2.3,0,32.2,68937,,,,,,,,,,
100,7.1,1,46.7,182233,,,,,,,,,,
100,4.8,1,43.1,174762,,,,,,,,,,
0,18.5,2,52.4,187214,,,,,,,,,,
0,5.1,2,48.2,136190,,,,,,,,,,
0,2.6,3,35.9,26059,,,,,,,,,,
100,7.4,2,43,156710,,,,,,,,,,
100,10.6,2,48.2,136444,,,,,,,,,,
0,7,0,48.2,85968,,,,,,,,,,
0,7.7,1,48.2,108201,,,,,,,,,,
50,4.9,2,43.6,29641,,,,,,,,,,
0,15,3,55,80689,,,,,,,,,,
100,13.9,1,47.2,113829,,,,,,,,,,
0,8.4,3,50.4,75287,,,,,,,,,,
0,14.7,1,40.4,254986,,,,,,,,,,
100,9.6,2,47.2,133771,,,,,,,,,,
0,10.2,2,37.8,38600,,,,,,,,,,
0,1.9,3,49.1,96754,,,,,,,,,,
0,5,3,47,154237,,,,,,,,,,
50,11.7,2,43.6,204556,,,,,,,,,,
0,6.1,2,45.2,112958,,,,,,,,,,
0,4.6,1,35.2,16677,,,,,,,,,,
0,12.1,1,47.1,29303,,,,,,,,,,
50,12.9,3,57,226236,,,,,,,,,,
50,2.6,1,34.3,29248,,,,,,,,,,
100,10.8,1,44.3,53593,,,,,,,,,,
0,14.9,2,50.6,94652,,,,,,,,,,
50,14.4,2,50.9,118361,,,,,,,,,,
0,9.6,1,47.3,42438,,,,,,,,,,
50,15.7,1,47.5,165344,,,,,,,,,,
50,12.2,2,54.3,134163,,,,,,,,,,
0,0,1,52.5,40517,,,,,,,,,,
100,13.2,1,39.8,91325,,,,,,,,,,
100,6.3,4,44.4,74418,,,,,,,,,,
50,5.9,4,44.9,39170,,,,,,,,,,
0,7.8,0,46.1,107136,,,,,,,,,,
0,3.7,1,51.4,117574,,,,,,,,,,
0,12.8,1,31,107645,,,,,,,,,,
50,7,1,41.8,84206,,,,,,,,,,
100,1.8,0,45.8,57230,,,,,,,,,,
50,11.5,2,43.5,82199,,,,,,,,,,
50,6.4,5,42.7,31316,,,,,,,,,,
50,3.2,2,45,33493,,,,,,,,,,
100,10.7,4,41.4,152687,,,,,,,,,,
100,4.4,4,47.7,98481,,,,,,,,,,
50,2.5,2,42.1,67770,,,,,,,,,,
0,7.6,1,52.9,21131,,,,,,,,,,
50,5,0,54.2,72657,,,,,,,,,,
0,10.2,3,43.9,112394,,,,,,,,,,
50,1.5,0,38.6,96150,,,,,,,,,,
0,7,2,49.7,161238,,,,,,,,,,
100,14.4,4,46.2,123435,,,,,,,,,,
50,12.1,2,38.4,232416,,,,,,,,,,
0,3.6,0,40.4,26903,,,,,,,,,,
50,17.4,2,37,303435,,,,,,,,,,
100,10.8,2,49.6,44837,,,,,,,,,,
0,3.7,0,42.8,79581,,,,,,,,,,
0,14.8,3,33.3,176998,,,,,,,,,,
100,15.4,2,60.9,45395,,,,,,,,,,
100,9.3,0,31.5,146363,,,,,,,,,,
50,10.8,2,35.4,112338,,,,,,,,,,
100,5.7,2,45.3,85170,,,,,,,,,,
0,6,3,44.9,97502,,,,,,,,,,
50,1.4,1,49.7,41570,,,,,,,,,,
50,5.3,0,49.1,110259,,,,,,,,,,
100,12,2,45.8,41332,,,,,,,,,,
0,11.3,2,33.2,114544,,,,,,,,,,
100,6.9,0,34.3,76053,,,,,,,,,,
0,2.7,1,43.6,60057,,,,,,,,,,
100,18.1,3,46,256718,,,,,,,,,,
50,6.1,1,48.3,81322,,,,,,,,,,
50,2,0,43.7,63049,,,,,,,,,,
100,4.9,0,41.3,124803,,,,,,,,,,
0,4.3,1,45.7,60619,,,,,,,,,,
50,6.1,4,42.9,47044,,,,,,,,,,
100,10.2,4,49.8,127357,,,,,,,,,,
50,10.1,3,47.2,154834,,,,,,,,,,
0,16.2,2,44.9,217524,,,,,,,,,,
100,9.3,4,49.9,57024,,,,,,,,,,
0,0.6,2,47.7,55673,,,,,,,,,,
0,6.8,1,50.6,94829,,,,,,,,,,
100,19.1,0,47.8,86379,,,,,,,,,,
100,6.1,1,42,50732,,,,,,,,,,
50,0,0,33.3,25028,,,,,,,,,,
100,0,1,48,105982,,,,,,,,,,
100,6.1,4,54.7,81511,,,,,,,,,,
0,14.4,1,36.1,130487,,,,,,,,,,
0,9.6,1,50.5,107891,,,,,,,,,,
0,14.5,2,42.6,145265,,,,,,,,,,
0,5.4,2,50.6,88318,,,,,,,,,,
0,2,3,34.7,25256,,,,,,,,,,
0,4.7,0,45.7,74413,,,,,,,,,,
50,8.5,3,39.3,124299,,,,,,,,,,
0,6,0,47.7,75384,,,,,,,,,,
0,14.9,3,47.2,35398,,,,,,,,,,
100,7.2,0,36,134355,,,,,,,,,,
100,7,1,34.1,45564,,,,,,,,,,
0,4.9,2,42.5,91209,,,,,,,,,,
0,15.6,1,52,222204,,,,,,,,,,
0,8.5,3,44.5,83033,,,,,,,,,,
0,13.7,1,55.6,173172,,,,,,,,,,
100,7.2,3,32.4,12000,,,,,,,,,,
50,9,1,44.3,99846,,,,,,,,,,
0,6.4,0,50,23710,,,,,,,,,,
0,0,1,41.3,31216,,,,,,,,,,
0,12.3,4,46,36997,,,,,,,,,,
50,11.4,4,42.4,44239,,,,,,,,,,
100,5.4,3,45.4,149159,,,,,,,,,,
0,8,1,38.6,87638,,,,,,,,,,
100,7,0,41.4,64643,,,,,,,,,,
50,15.4,0,52.9,240507,,,,,,,,,,
50,4.1,1,45,56723,,,,,,,,,,
100,10.1,3,53.2,124756,,,,,,,,,,
0,8.3,3,41,140413,,,,,,,,,,
0,9.1,1,51.3,198891,,,,,,,,,,
50,9.5,0,38,116178,,,,,,,,,,
0,3.2,0,40.1,43411,,,,,,,,,,
100,9.4,3,36.2,110689,,,,,,,,,,
0,9.7,1,48.7,196711,,,,,,,,,,
50,12.9,2,48.1,88267,,,,,,,,,,
0,17.2,0,46.4,106251,,,,,,,,,,
50,11.5,4,45.6,200053,,,,,,,,,,
0,6.9,1,36.1,126730,,,,,,,,,,
50,9.4,4,44.6,118237,,,,,,,,,,
0,8.3,2,43.6,66531,,,,,,,,,,
100,8.6,2,55.8,166575,,,,,,,,,,
100,6.2,1,50.8,115872,,,,,,,,,,
0,12.4,2,34.6,57710,,,,,,,,,,
0,5.4,1,49.4,64898,,,,,,,,,,
0,6,1,41.3,21946,,,,,,,,,,
0,5.4,4,53.1,27719,,,,,,,,,,
0,9.5,1,52.9,60379,,,,,,,,,,
50,9.3,0,46.3,66163,,,,,,,,,,
0,6.6,2,45.3,129408,,,,,,,,,,
0,10.3,2,50.9,154451,,,,,,,,,,
0,18.1,1,51.2,55486,,,,,,,,,,
0,1.1,0,48.7,65139,,,,,,,,,,
0,6.2,0,49.5,91947,,,,,,,,,,
100,1.4,1,35,98127,,,,,,,,,,
50,10.1,1,44.9,39875,,,,,,,,,,
0,6.1,1,37.5,98828,,,,,,,,,,
50,2.3,3,32.1,103365,,,,,,,,,,
0,13.6,5,41.8,119477,,,,,,,,,,
100,7.4,1,37.6,35353,,,,,,,,,,
50,11.2,3,54.2,99050,,,,,,,,,,
0,3.1,2,50.3,54225,,,,,,,,,,
0,7.6,3,37.3,21085,,,,,,,,,,
0,9.6,1,48.1,65425,,,,,,,,,,
50,10,2,49.8,164463,,,,,,,,,,
50,12.4,1,51.5,121586,,,,,,,,,,
0,10.2,0,45.6,45041,,,,,,,,,,
50,3.2,2,42.9,96431,,,,,,,,,,
0,9.9,1,44.1,142699,,,,,,,,,,
0,4.9,2,41.6,50107,,,,,,,,,,
0,6.4,1,42.1,34847,,,,,,,,,,
0,10.2,4,37.8,234595,,,,,,,,,,
0,14.7,3,41.6,50265,,,,,,,,,,
0,12,2,43,47101,,,,,,,,,,
100,7.7,2,48.2,160074,,,,,,,,,,
0,6.7,0,52,86438,,,,,,,,,,
0,4.3,1,35.8,86211,,,,,,,,,,
50,4.7,2,45,135060,,,,,,,,,,
100,2.6,2,40.9,41913,,,,,,,,,,
50,4.9,1,33.5,72558,,,,,,,,,,
50,6.9,1,32.6,72763,,,,,,,,,,
50,4.9,0,34.3,80685,,,,,,,,,,
0,6.9,2,45.4,83472,,,,,,,,,,
50,11,1,43.1,113637,,,,,,,,,,
50,5.4,2,42,59980,,,,,,,,,,
0,12.9,3,46.5,74130,,,,,,,,,,
100,7.7,2,49.4,123587,,,,,,,,,,
50,12.2,1,42.5,91202,,,,,,,,,,
0,0,1,35.8,61354,,,,,,,,,,
0,5.1,3,35.8,108141,,,,,,,,,,
0,11.4,2,45,79918,,,,,,,,,,
50,1.8,2,42.8,61557,,,,,,,,,,
0,11.2,2,27.2,80810,,,,,,,,,,
0,9.5,0,32.5,147725,,,,,,,,,,
100,5.4,2,34,87684,,,,,,,,,,
100,13.8,3,44.8,41793,,,,,,,,,,
0,10.6,2,51.1,116245,,,,,,,,,,
100,1.4,2,44.5,54054,,,,,,,,,,
50,7.4,0,50.7,126870,,,,,,,,,,
50,12.4,5,45.9,189378,,,,,,,,,,
0,8.9,0,51.2,136718,,,,,,,,,,
100,0.4,2,35.4,51731,,,,,,,,,,
50,12.9,6,44.5,181219,,,,,,,,,,
50,16,0,38.7,44169,,,,,,,,,,
0,4.1,2,45.6,85095,,,,,,,,,,
50,13,1,34.8,94309,,,,,,,,,,
100,11,3,42.8,167355,,,,,,,,,,
0,1.7,1,48.8,18407,,,,,,,,,,
0,8.3,0,40.8,132759,,,,,,,,,,
50,12.7,5,42.2,239855,,,,,,,,,,
100,10.2,2,44.9,82145,,,,,,,,,,
100,9.9,1,46.9,35735,,,,,,,,,,
50,6,0,40.7,23981,,,,,,,,,,
100,9.4,0,51.3,34205,,,,,,,,,,
0,2.1,1,46.2,77553,,,,,,,,,,
0,0,1,42.7,92143,,,,,,,,,,
0,2.8,1,31.5,109526,,,,,,,,,,
50,9.8,0,52.1,137853,,,,,,,,,,
100,10.9,1,40.8,53801,,,,,,,,,,
50,3.7,1,37.9,12000,,,,,,,,,,
0,7.2,2,42.3,121384,,,,,,,,,,
50,10.6,2,40.5,23233,,,,,,,,,,
50,6.9,1,48.8,86633,,,,,,,,,,
0,11.1,5,58.8,93303,,,,,,,,,,
100,12,3,55.9,79358,,,,,,,,,,
0,3.1,4,47,86927,,,,,,,,,,
50,16.9,2,40.1,280466,,,,,,,,,,
0,11.8,1,41.6,132732,,,,,,,,,,
0,10.3,1,32.1,140383,,,,,,,,,,
50,5.1,2,39.9,82284,,,,,,,,,,
50,13.7,1,40.5,59500,,,,,,,,,,
50,10.4,4,48.4,123716,,,,,,,,,,
50,2.6,1,47.3,27027,,,,,,,,,,
0,5.9,4,40,170820,,,,,,,,,,
100,13.2,2,42.2,143814,,,,,,,,,,
50,8,5,38.9,134159,,,,,,,,,,
0,6.4,0,43.6,31393,,,,,,,,,,
100,9.6,2,47.3,23788,,,,,,,,,,
0,12.2,5,54.4,151144,,,,,,,,,,
100,7.7,3,43.1,54773,,,,,,,,,,
50,13.2,1,44.7,229764,,,,,,,,,,
0,6.5,1,46.2,108814,,,,,,,,,,
0,8.5,2,26.8,105527,,,,,,,,,,
0,4.8,2,45.4,40360,,,,,,,,,,
100,14.1,1,42,38114,,,,,,,,,,
100,2.2,1,35.9,64233,,,,,,,,,,
100,13.1,2,51.3,71054,,,,,,,,,,
100,14.2,2,46.1,60971,,,,,,,,,,
50,13.9,1,48.6,131952,,,,,,,,,,
0,9.8,3,55.4,131958,,,,,,,,,,
50,6.4,0,47.3,27318,,,,,,,,,,
100,12.9,2,42.7,150292,,,,,,,,,,
100,6.3,2,38.1,114551,,,,,,,,,,
0,7.4,4,29.7,152983,,,,,,,,,,
50,7.3,4,31.5,65672,,,,,,,,,,
0,5.7,0,41.9,102554,,,,,,,,,,
0,10.2,0,38.9,135452,,,,,,,,,,
50,15.1,3,49.4,181890,,,,,,,,,,
50,7.6,1,39.6,148241,,,,,,,,,,
50,12.1,1,48.9,65296,,,,,,,,,,
0,16.4,1,39.8,159352,,,,,,,,,,
50,8.2,2,38.2,52526,,,,,,,,,,
0,10.8,1,48.6,141007,,,,,,,,,,
0,14.8,2,44.5,117480,,,,,,,,,,
0,11.6,2,45.9,161367,,,,,,,,,,
100,9.1,1,41.8,109983,,,,,,,,,,
100,12.3,1,57.5,185455,,,,,,,,,,
0,4.7,1,37.7,81642,,,,,,,,,,
0,5.9,1,40.8,148428,,,,,,,,,,
50,15.6,2,45.8,202517,,,,,,,,,,
50,13,2,50.6,81255,,,,,,,,,,
50,17.4,1,50.9,159896,,,,,,,,,,
50,11.2,2,51.7,72268,,,,,,,,,,
0,3.7,1,42.9,46532,,,,,,,,,,
50,6.4,2,37.7,140494,,,,,,,,,,
0,16.1,2,37.1,186323,,,,,,,,,,
50,7.1,0,36.7,69823,,,,,,,,,,
100,0.9,0,43.6,55110,,,,,,,,,,
0,11.3,2,41.3,42792,,,,,,,,,,
0,8.8,2,60.1,114043,,,,,,,,,,
50,3.7,2,48.2,27297,,,,,,,,,,
0,3.5,2,39,53198,,,,,,,,,,
0,18.1,2,44.6,216897,,,,,,,,,,
100,6.9,3,37.8,156953,,,,,,,,,,
0,9.5,2,41.1,97049,,,,,,,,,,
50,10.4,2,51.8,100122,,,,,,,,,,
50,12.5,2,48,72150,,,,,,,,,,
100,20.2,3,48,285305,,,,,,,,,,
50,5.6,2,46,116789,,,,,,,,,,
50,8,1,46.7,77791,,,,,,,,,,
0,6.9,2,53.1,115867,,,,,,,,,,
100,15.8,2,50,218306,,,,,,,,,,
0,12.8,1,53.6,106832,,,,,,,,,,
50,9.8,3,44,76204,,,,,,,,,,
50,18.7,3,61.4,86644,,,,,,,,,,
100,7.6,1,47.2,115813,,,,,,,,,,
50,11.7,1,45.3,72427,,,,,,,,,,
100,8.8,4,47.7,122977,,,,,,,,,,
0,10.1,1,51.6,125803,,,,,,,,,,
0,16.5,3,50.9,187718,,,,,,,,,,
0,10.4,2,44.5,182015,,,,,,,,,,
0,20.3,2,39.7,207927,,,,,,,,,,
50,16.2,1,51.1,117718,,,,,,,,,,
100,3.2,0,42.9,123319,,,,,,,,,,
0,13.5,4,38.7,133760,,,,,,,,,,
0,13.1,1,52.1,123425,,,,,,,,,,
50,2.5,1,52.7,31553,,,,,,,,,,
50,2.2,2,40.7,22379,,,,,,,,,,
0,3.2,0,33.1,24183,,,,,,,,,,
0,10.5,0,43.5,43308,,,,,,,,,,
0,1.3,0,37.7,83367,,,,,,,,,,
0,1.8,3,39.3,73301,,,,,,,,,,
100,7,2,45.8,49535,,,,,,,,,,
0,9.2,4,49.3,118142,,,,,,,,,,
50,6.9,1,41.2,112602,,,,,,,,,,
50,14.9,4,41.8,41183,,,,,,,,,,
0,0.5,1,38.2,108788,,,,,,,,,,
50,9.8,1,47.4,83896,,,,,,,,,,
50,7.5,2,44.7,72988,,,,,,,,,,
0,1.6,1,45.1,59036,,,,,,,,,,
50,6.2,1,30.9,56163,,,,,,,,,,
0,7.7,2,52.2,109791,,,,,,,,,,
50,9.7,2,36.9,89241,,,,,,,,,,
50,5.9,0,43.8,30385,,,,,,,,,,
50,5.5,1,41.4,42591,,,,,,,,,,
100,4,3,33.5,60521,,,,,,,,,,
0,0.3,1,45.1,100038,,,,,,,,,,
0,7.7,4,48.5,56153,,,,,,,,,,
50,5.7,3,47.7,73803,,,,,,,,,,
0,5.5,3,52,100870,,,,,,,,,,
0,11.4,4,43.8,131046,,,,,,,,,,
0,0.3,1,46.6,84063,,,,,,,,,,
0,9.8,1,40.2,35392,,,,,,,,,,
0,2.4,0,44.5,85814,,,,,,,,,,
100,17,1,52.1,93725,,,,,,,,,,
0,1.9,2,48.1,37336,,,,,,,,,,
50,13.4,3,44,223350,,,,,,,,,,
50,9.4,1,49.4,83102,,,,,,,,,,
100,0,2,45.4,107630,,,,,,,,,,
0,5.5,1,47.1,68540,,,,,,,,,,
0,6.3,3,53,165432,,,,,,,,,,
100,15.8,2,42,53373,,,,,,,,,,
100,5.9,1,38.8,139287,,,,,,,,,,
100,6.1,1,47.8,73483,,,,,,,,,,
100,9,1,43.3,131677,,,,,,,,,,
0,3.2,3,47.7,31061,,,,,,,,,,
0,11.3,6,44.7,105423,,,,,,,,,,
0,0.6,1,37.2,35044,,,,,,,,,,
50,7.1,1,44,128064,,,,,,,,,,
0,5.9,1,25.5,28530,,,,,,,,,,
0,6.9,1,47.8,72910,,,,,,,,,,
50,9.4,3,45.9,141216,,,,,,,,,,
50,4.5,1,43,38624,,,,,,,,,,
0,16,2,46.6,148862,,,,,,,,,,
50,7.9,2,46.3,126700,,,,,,,,,,
50,7,0,33,146223,,,,,,,,,,
0,0.3,2,47.9,20390,,,,,,,,,,
0,3.5,3,35.2,75886,,,,,,,,,,
100,0,1,35.2,34531,,,,,,,,,,
50,13.2,2,43.8,146458,,,,,,,,,,
50,6,0,40,114825,,,,,,,,,,
100,12.1,4,38.2,82345,,,,,,,,,,
0,3.8,1,49.7,68596,,,,,,,,,,
0,6.1,0,51.1,120993,,,,,,,,,,
100,11.3,1,49.6,95913,,,,,,,,,,
0,10.2,1,45.3,40919,,,,,,,,,,
0,10,3,44.7,45959,,,,,,,,,,
0,11.9,3,39.1,107195,,,,,,,,,,
0,12.8,1,52.1,255482,,,,,,,,,,
0,12.3,1,43.3,57344,,,,,,,,,,
0,4.5,1,49.1,121983,,,,,,,,,,
100,0.6,0,40.3,91097,,,,,,,,,,
50,3.4,2,51.6,80747,,,,,,,,,,
100,12.9,1,53.6,90598,,,,,,,,,,
0,15.2,3,46.5,54211,,,,,,,,,,
0,1.7,0,36.1,67847,,,,,,,,,,
0,3,0,45.6,83211,,,,,,,,,,
0,2.2,3,53.7,105778,,,,,,,,,,
0,8,2,55.9,97643,,,,,,,,,,
0,6.3,3,48.4,140009,,,,,,,,,,
50,5.4,3,45.7,143316,,,,,,,,,,
50,12.4,0,36,49941,,,,,,,,,,
100,8.2,0,46.9,115381,,,,,,,,,,
100,9.9,3,36.8,177683,,,,,,,,,,
0,6.8,1,48.3,44849,,,,,,,,,,
0,0.6,1,48.4,81994,,,,,,,,,,
0,10.8,3,41.9,36955,,,,,,,,,,
50,7.1,1,43.9,121798,,,,,,,,,,
0,11.5,3,43.7,95742,,,,,,,,,,
100,13.5,1,49.5,114909,,,,,,,,,,
50,3.7,2,41.3,145391,,,,,,,,,,
100,10.5,2,42.9,133203,,,,,,,,,,
100,3,0,37.9,29766,,,,,,,,,,
100,6.9,3,45.3,116812,,,,,,,,,,
0,18.8,2,44.8,176976,,,,,,,,,,
0,0,1,44.2,116194,,,,,,,,,,
0,12.4,1,48.3,45857,,,,,,,,,,
0,16.5,2,44.7,105808,,,,,,,,,,
0,6.6,1,43.2,80536,,,,,,,,,,
50,4.3,0,35.7,88429,,,,,,,,,,
100,15,3,39.4,96908,,,,,,,,,,
100,8.5,2,43.6,194381,,,,,,,,,,
100,10.9,1,47.3,94653,,,,,,,,,,
100,1.9,2,40.8,22257,,,,,,,,,,
100,11.5,0,50.9,98065,,,,,,,,,,
0,10.7,4,37.8,100749,,,,,,,,,,
50,2.8,1,45.1,123764,,,,,,,,,,
0,2,0,41.5,27514,,,,,,,,,,
100,8.7,5,57.9,210246,,,,,,,,,,
100,13.4,2,48.8,200942,,,,,,,,,,
50,7.2,1,44.5,45395,,,,,,,,,,
100,1.6,2,37.9,51481,,,,,,,,,,
0,13.3,1,45,184627,,,,,,,,,,
0,8.2,1,46.6,56141,,,,,,,,,,
0,8.7,2,39.7,34350,,,,,,,,,,
50,10.5,2,48.1,50457,,,,,,,,,,
0,3,2,44.8,82062,,,,,,,,,,
100,6.2,1,45.6,23243,,,,,,,,,,
100,6.6,2,43.6,132858,,,,,,,,,,
100,9.2,0,43.3,194020,,,,,,,,,,
50,14.4,2,49.4,175324,,,,,,,,,,
0,6.5,0,42.4,131175,,,,,,,,,,
50,10.6,2,41,108231,,,,,,,,,,
100,5.6,2,43.7,99447,,,,,,,,,,
50,7.1,0,39.7,43489,,,,,,,,,,
50,1.3,1,41,96729,,,,,,,,,,
50,4.2,2,34,39044,,,,,,,,,,
0,16,2,38.6,151425,,,,,,,,,,
100,6.4,2,48.8,71235,,,,,,,,,,
0,12.5,0,47,117665,,,,,,,,,,
100,10.8,2,45.5,141819,,,,,,,,,,
50,12.7,1,38.6,43770,,,,,,,,,,
100,11.1,3,51.1,101016,,,,,,,,,,
0,6.9,3,41.3,203196,,,,,,,,,,
0,14.9,1,50.1,125755,,,,,,,,,,
100,8,4,45.3,136909,,,,,,,,,,
100,19.5,4,48.6,49914,,,,,,,,,,
0,10.1,4,46.1,98280,,,,,,,,,,
0,1.7,1,41.2,125705,,,,,,,,,,
100,12.9,3,47,200299,,,,,,,,,,
100,2.2,0,40.9,37202,,,,,,,,,,
100,5.5,1,31.4,44360,,,,,,,,,,
100,4.3,5,32,81315,,,,,,,,,,
100,0.3,0,47.1,109288,,,,,,,,,,
0,15.1,4,44.6,184805,,,,,,,,,,
50,2.9,2,39.7,82148,,,,,,,,,,
50,11.6,5,37.1,77975,,,,,,,,,,
50,4.9,2,48.4,42390,,,,,,,,,,
0,9.1,2,38.8,146431,,,,,,,,,,
0,6.5,1,35.8,59710,,,,,,,,,,
100,0.9,0,48.7,105556,,,,,,,,,,
50,8.7,3,42.8,110162,,,,,,,,,,
0,10.8,2,47,41831,,,,,,,,,,
100,7.9,1,44.5,43039,,,,,,,,,,
100,6.2,3,42.7,27631,,,,,,,,,,
50,6.3,1,37.9,180696,,,,,,,,,,
0,4.6,1,39.6,55999,,,,,,,,,,
0,5.4,0,34.8,49524,,,,,,,,,,
100,14.8,4,55.1,201014,,,,,,,,,,
100,11,2,46.2,101715,,,,,,,,,,
0,0.3,2,36.6,72648,,,,,,,,,,
100,11.2,0,45.7,84418,,,,,,,,,,
0,18.9,2,46.4,212905,,,,,,,,,,
50,10.5,1,28.2,170126,,,,,,,,,,
50,5.5,0,42.4,28591,,,,,,,,,,
50,3.6,2,32,58842,,,,,,,,,,
100,11,2,43.9,97290,,,,,,,,,,
0,0.9,0,45,95878,,,,,,,,,,
0,0.2,0,39.5,54752,,,,,,,,,,
100,4,0,38.9,82164,,,,,,,,,,
0,8.2,2,47.7,148090,,,,,,,,,,
0,19.8,2,48.6,77873,,,,,,,,,,
100,9.8,1,46.2,43226,,,,,,,,,,
100,5.2,0,44.8,90472,,,,,,,,,,
0,18.9,1,49,176308,,,,,,,,,,
100,15.1,2,56.1,105581,,,,,,,,,,
0,17.9,3,42.3,239251,,,,,,,,,,
0,11,3,47.2,39552,,,,,,,,,,
50,5.8,2,46.9,27765,,,,,,,,,,
0,8.2,0,43,136605,,,,,,,,,,
0,6.2,2,32.8,100135,,,,,,,,,,
50,10.8,3,37,90018,,,,,,,,,,
0,3.3,2,42.8,25688,,,,,,,,,,
50,9.8,3,51,116702,,,,,,,,,,
50,15.5,1,45.4,116917,,,,,,,,,,
0,15.8,0,52.1,161129,,,,,,,,,,
0,5.1,1,40.8,193893,,,,,,,,,,
0,3.1,2,38.8,130766,,,,,,,,,,
50,8.6,1,44.5,136911,,,,,,,,,,
50,11.7,0,50.6,81190,,,,,,,,,,
50,7.9,2,44.3,57334,,,,,,,,,,
50,9,1,46.6,153316,,,,,,,,,,
50,7.3,1,44.3,269684,,,,,,,,,,
0,0,4,30.3,23610,,,,,,,,,,
0,15.6,0,41.9,129979,,,,,,,,,,
0,5,1,42.9,71528,,,,,,,,,,
0,1.6,1,39.3,76502,,,,,,,,,,
50,11.2,2,47.2,143875,,,,,,,,,,
50,15.8,2,48,158466,,,,,,,,,,
0,12.1,1,44.7,115120,,,,,,,,,,
0,23.2,1,52.8,166839,,,,,,,,,,
50,14.7,1,44.3,201965,,,,,,,,,,
0,6.4,3,40.6,51049,,,,,,,,,,
50,9.5,3,43.8,77655,,,,,,,,,,
0,1.2,2,38.1,74696,,,,,,,,,,
0,14.5,3,47.5,61480,,,,,,,,,,
0,5.8,1,47.9,65270,,,,,,,,,,
100,4.7,1,49.4,173455,,,,,,,,,,
50,13.3,2,36.5,80928,,,,,,,,,,
0,5.7,1,38.8,78742,,,,,,,,,,
0,10.2,3,39.8,101286,,,,,,,,,,
0,13,2,51,159590,,,,,,,,,,
100,8.1,5,24.6,68821,,,,,,,,,,
100,12.6,3,45,168269,,,,,,,,,,
100,4.4,2,41.7,80709,,,,,,,,,,
50,12.5,1,60,86662,,,,,,,,,,
50,13.8,1,42.7,116679,,,,,,,,,,
50,6,1,37.7,207925,,,,,,,,,,
100,1.7,1,32.8,134884,,,,,,,,,,
0,6.7,4,42.2,26181,,,,,,,,,,
100,11,1,54.3,192536,,,,,,,,,,
100,6,3,47.4,30017,,,,,,,,,,
50,10.9,3,43.4,40113,,,,,,,,,,
0,10.9,0,59.4,61635,,,,,,,,,,
100,4,1,38.1,111999,,,,,,,,,,
100,8.2,2,45.1,45187,,,,,,,,,,
0,8.8,5,41.4,93215,,,,,,,,,,
100,2,2,38.5,18277,,,,,,,,,,
50,10.2,0,37.1,34164,,,,,,,,,,
100,5.3,1,41.5,106605,,,,,,,,,,
50,7.3,1,49.3,45779,,,,,,,,,,
50,0,1,42.5,74661,,,,,,,,,,
50,16.7,4,43.4,106727,,,,,,,,,,
50,21.5,4,49.5,52370,,,,,,,,,,
50,13.2,2,37,134712,,,,,,,,,,
50,5.6,2,39.1,140130,,,,,,,,,,
0,10.5,2,45,129987,,,,,,,,,,
100,5.6,4,30.1,90816,,,,,,,,,,
0,11.1,1,42.8,69085,,,,,,,,,,
100,7.9,0,33.6,132365,,,,,,,,,,
50,11.5,1,48.6,49814,,,,,,,,,,
100,10,1,43.4,119831,,,,,,,,,,
0,5,1,41.4,189796,,,,,,,,,,
0,9.5,0,48.1,64018,,,,,,,,,,
50,6.1,3,47.8,85069,,,,,,,,,,
0,14.3,3,41.5,89613,,,,,,,,,,
50,13.1,0,45,95840,,,,,,,,,,
0,7.3,3,50.3,28545,,,,,,,,,,
100,10.1,3,45.1,45481,,,,,,,,,,
50,3.7,6,42.9,122919,,,,,,,,,,
0,7.7,0,52.4,122707,,,,,,,,,,
0,11.1,1,37.9,104673,,,,,,,,,,
0,13.3,2,48.9,107928,,,,,,,,,,
100,13.7,2,47.5,158643,,,,,,,,,,
50,7.8,1,39.7,108671,,,,,,,,,,
0,6.7,1,37.3,133192,,,,,,,,,,
0,8.1,5,39.5,129803,,,,,,,,,,
0,5.4,1,36.3,129150,,,,,,,,,,
0,16.1,3,54.4,58988,,,,,,,,,,
50,8.3,2,52.6,114475,,,,,,,,,,
100,7.3,1,42.3,80231,,,,,,,,,,
0,8,0,44.3,88448,,,,,,,,,,
100,0,1,47,35730,,,,,,,,,,
50,9.6,4,46.9,92862,,,,,,,,,,
0,16.4,2,45.2,71219,,,,,,,,,,
0,7.1,1,46,38598,,,,,,,,,,
0,12.7,2,40.7,36498,,,,,,,,,,
50,14.3,3,46.8,225216,,,,,,,,,,
100,8.8,3,52.5,165720,,,,,,,,,,
0,9,0,56.9,90910,,,,,,,,,,
50,15.8,0,37.8,45318,,,,,,,,,,
100,6,3,37.1,63361,,,,,,,,,,
50,10.4,0,46.7,176945,,,,,,,,,,
0,10.1,2,47.1,74279,,,,,,,,,,
50,12.9,2,35.5,125472,,,,,,,,,,
0,12.1,1,51.8,91181,,,,,,,,,,
0,13.8,3,53.6,130537,,,,,,,,,,
50,3.8,1,33.8,29550,,,,,,,,,,
0,3.4,0,36.4,82373,,,,,,,,,,
0,10.5,1,48.7,126170,,,,,,,,,,
100,2.5,2,49.9,73149,,,,,,,,,,
0,10.8,1,40,154629,,,,,,,,,,
50,0,0,43.7,58963,,,,,,,,,,
50,5.1,3,46.3,132249,,,,,,,,,,
100,10.5,3,38.9,150057,,,,,,,,,,
100,13,4,56.3,128546,,,,,,,,,,
0,7.3,2,35.7,30345,,,,,,,,,,
100,20.3,4,50.8,162174,,,,,,,,,,
0,11.8,1,51.9,37021,,,,,,,,,,
0,12.3,3,51.9,77391,,,,,,,,,,
50,5.4,0,48,75981,,,,,,,,,,
100,7.7,1,32.5,60598,,,,,,,,,,
0,6,5,55.1,22396,,,,,,,,,,
0,7.1,3,51.5,176386,,,,,,,,,,
0,1.8,0,38.7,60523,,,,,,,,,,
50,7.3,2,43.9,123116,,,,,,,,,,
0,13.5,1,36.1,103297,,,,,,,,,,
0,9.7,2,40.6,131293,,,,,,,,,,
0,5.3,0,49.3,98635,,,,,,,,,,
0,5.8,0,41.4,71465,,,,,,,,,,
50,3.3,0,37.1,64113,,,,,,,,,,
50,6,1,39.9,88050,,,,,,,,,,
0,20.8,4,36.6,63502,,,,,,,,,,
0,4.9,1,40.2,66654,,,,,,,,,,
50,2,0,40.2,89478,,,,,,,,,,
0,2,3,40.1,84552,,,,,,,,,,
50,12.9,3,53.2,124495,,,,,,,,,,
0,5.6,4,35.1,105653,,,,,,,,,,
100,5,2,47.5,28205,,,,,,,,,,
100,11.6,0,41.5,154450,,,,,,,,,,
100,13.3,5,49.9,119000,,,,,,,,,,
50,12.5,4,53.1,208767,,,,,,,,,,
50,3.9,3,35.7,132752,,,,,,,,,,
50,13.4,1,36.9,35115,,,,,,,,,,
0,3.6,1,43.6,48183,,,,,,,,,,
50,8.1,2,51.9,157588,,,,,,,,,,
100,18,2,45.1,152543,,,,,,,,,,
50,2.6,2,43.9,101136,,,,,,,,,,
0,18.7,7,49.7,71328,,,,,,,,,,
0,8,1,36.8,179700,,,,,,,,,,
100,0,1,38.4,61990,,,,,,,,,,
50,5.7,1,39.4,86332,,,,,,,,,,
0,6.7,1,49.6,19801,,,,,,,,,,
0,14.6,3,39.1,40201,,,,,,,,,,
0,6.6,0,44.6,48498,,,,,,,,,,
100,16.3,1,55.6,167683,,,,,,,,,,
100,9.6,2,38,53554,,,,,,,,,,
100,15.3,7,49,69717,,,,,,,,,,
50,11.7,2,42.9,39687,,,,,,,,,,
50,15.3,1,52.5,43089,,,,,,,,,,
100,3,3,35.3,57871,,,,,,,,,,
100,4.4,3,24.4,95579,,,,,,,,,,
0,7.2,0,40.5,88553,,,,,,,,,,
0,7.6,2,49.4,105820,,,,,,,,,,
50,8.8,0,44.2,32912,,,,,,,,,,
0,6.6,2,53.8,33788,,,,,,,,,,
50,9.1,1,46.6,129799,,,,,,,,,,
0,1.9,0,43.4,73307,,,,,,,,,,
0,7.5,2,54.1,104899,,,,,,,,,,
50,12.6,2,57.3,101097,,,,,,,,,,
0,11.9,2,42.6,99048,,,,,,,,,,
50,2.1,3,45.4,49562,,,,,,,,,,
100,9.3,1,51.4,50546,,,,,,,,,,
50,5.8,2,50.7,39681,,,,,,,,,,
0,12.7,3,46.2,191302,,,,,,,,,,
0,10.2,1,55.8,135684,,,,,,,,,,
0,9.7,3,43.8,71945,,,,,,,,,,
100,5.4,0,30.4,105234,,,,,,,,,,
50,11.9,3,52.5,97558,,,,,,,,,,
100,2.5,2,39.4,95550,,,,,,,,,,
100,13.4,5,44.8,95610,,,,,,,,,,
50,2.2,1,41.6,46462,,,,,,,,,,
0,10,0,30.4,144993,,,,,,,,,,
0,19.4,3,58.9,157541,,,,,,,,,,
100,1.5,1,43.1,49685,,,,,,,,,,
100,1.9,3,42,101983,,,,,,,,,,
0,11,2,43.9,126586,,,,,,,,,,
0,4.6,3,42.3,31075,,,,,,,,,,
100,6.1,2,46.4,32077,,,,,,,,,,
100,7.2,1,45.8,101198,,,,,,,,,,
0,0.6,2,50.9,41449,,,,,,,,,,
0,13.1,2,49.7,102714,,,,,,,,,,
0,7.6,4,61.2,134004,,,,,,,,,,
50,11.1,2,36.7,74081,,,,,,,,,,
100,6.9,0,40.6,173650,,,,,,,,,,
100,14.9,0,51.8,170066,,,,,,,,,,
50,4.9,2,28.8,151352,,,,,,,,,,
0,7.7,3,53.1,142620,,,,,,,,,,
0,9,0,36.5,54338,,,,,,,,,,
100,6.1,0,42.4,51680,,,,,,,,,,
50,5.4,3,42,106615,,,,,,,,,,
50,14.7,5,36.5,180453,,,,,,,,,,
50,3.8,2,38.9,33632,,,,,,,,,,
50,2.9,1,51.6,81494,,,,,,,,,,
100,10.9,1,46.8,199962,,,,,,,,,,
0,2.4,3,36.9,53995,,,,,,,,,,
0,2,3,41.9,119025,,,,,,,,,,
0,7.8,2,43.4,64163,,,,,,,,,,
0,5.7,2,50.2,135534,,,,,,,,,,
50,9.9,6,47.1,204781,,,,,,,,,,
100,12.4,1,45,204208,,,,,,,,,,
0,7.5,3,38.8,42379,,,,,,,,,,
100,2.5,4,43.7,75908,,,,,,,,,,
50,20.5,2,51.1,236341,,,,,,,,,,
0,18.6,1,35.2,157951,,,,,,,,,,
0,0.2,0,44.7,66473,,,,,,,,,,
50,5.9,2,32.9,36006,,,,,,,,,,
100,16.3,3,34.1,196983,,,,,,,,,,
50,9.8,3,46.5,142929,,,,,,,,,,
100,14.9,0,60.2,227444,,,,,,,,,,
50,14.4,0,46.7,104939,,,,,,,,,,
0,14.8,2,44.8,139503,,,,,,,,,,
0,15,3,46.5,36792,,,,,,,,,,
50,11.1,4,49.2,155157,,,,,,,,,,
0,3.6,0,47.3,145544,,,,,,,,,,
0,1.4,1,43,65513,,,,,,,,,,
50,7.7,4,44.7,105401,,,,,,,,,,
50,8.9,2,43.4,28655,,,,,,,,,,
100,4.9,0,44.3,46642,,,,,,,,,,
100,10.9,1,33.4,47715,,,,,,,,,,
0,12.4,0,48.2,157616,,,,,,,,,,
0,6.7,0,33.9,111800,,,,,,,,,,
50,16.2,0,46.8,67759,,,,,,,,,,
50,13.3,1,50.3,56666,,,,,,,,,,
0,18.9,4,53.3,122182,,,,,,,,,,
50,11,3,45.6,142273,,,,,,,,,,
50,8.3,0,38.3,119976,,,,,,,,,,
0,5.7,3,50.7,35530,,,,,,,,,,
50,1,1,48.7,58115,,,,,,,,,,
50,6,1,43.6,26686,,,,,,,,,,
50,10.3,2,52.2,49270,,,,,,,,,,
0,5.7,1,51,141161,,,,,,,,,,
100,10.9,4,44,183216,,,,,,,,,,
0,6.4,3,54.4,120863,,,,,,,,,,
50,19.4,5,44.2,193181,,,,,,,,,,
0,0,2,39.9,70618,,,,,,,,,,
100,1,3,45.5,56555,,,,,,,,,,
50,1.5,1,41.5,57487,,,,,,,,,,
100,8.9,1,50.6,73706,,,,,,,,,,
100,8.7,1,47.1,163797,,,,,,,,,,
100,11.9,1,48.4,44977,,,,,,,,,,
0,5.4,1,57.6,100459,,,,,,,,,,
100,0,3,43.6,84720,,,,,,,,,,
50,0,2,46.5,28160,,,,,,,,,,
50,6.9,2,47.1,99062,,,,,,,,,,
0,8.8,1,44.9,159326,,,,,,,,,,
0,0,1,46.4,70749,,,,,,,,,,
0,8.4,1,42.8,80356,,,,,,,,,,
0,5.7,2,50.9,61220,,,,,,,,,,
0,9.7,0,50.3,87111,,,,,,,,,,
0,11.5,4,47.7,113846,,,,,,,,,,
0,7,2,49.7,40394,,,,,,,,,,
50,2.9,0,42,63794,,,,,,,,,,
50,8.3,2,46.2,78531,,,,,,,,,,
100,11.7,3,41.6,120564,,,,,,,,,,
100,7.9,1,45.9,70027,,,,,,,,,,
50,11.4,2,50.8,79135,,,,,,,,,,
0,9.9,3,58.1,29775,,,,,,,,,,
50,6.6,1,37.5,86771,,,,,,,,,,
0,11,3,48.4,116023,,,,,,,,,,
100,4.3,0,51.1,75166,,,,,,,,,,
100,22.3,1,58.3,251246,,,,,,,,,,
100,3.3,2,46.8,79331,,,,,,,,,,
100,4.2,1,37.4,62890,,,,,,,,,,
0,12.3,2,45.7,101601,,,,,,,,,,
100,8.8,2,36.9,88280,,,,,,,,,,
0,4.8,4,52.2,98250,,,,,,,,,,
100,9.8,1,47.6,131620,,,,,,,,,,
0,0,1,40,71522,,,,,,,,,,
50,4.7,1,45.2,38043,,,,,,,,,,
0,7.2,0,43.4,113350,,,,,,,,,,
50,13,2,55.3,125103,,,,,,,,,,
0,19.7,3,45.6,178852,,,,,,,,,,
100,0.1,4,34,43856,,,,,,,,,,
0,7.6,2,35.6,115819,,,,,,,,,,
50,5.8,2,41.5,34565,,,,,,,,,,
100,3.2,1,38.9,65758,,,,,,,,,,
50,17.8,2,45.3,231238,,,,,,,,,,
0,2.8,0,42.4,59703,,,,,,,,,,
0,15.2,1,54.5,139629,,,,,,,,,,
100,10.6,2,44.7,74507,,,,,,,,,,
0,0,0,35.8,62066,,,,,,,,,,
0,7,2,40.2,112126,,,,,,,,,,
0,1.2,2,50.9,97010,,,,,,,,,,
50,8.1,1,41.4,70743,,,,,,,,,,
50,8.6,1,44.9,78675,,,,,,,,,,
50,13.7,2,47.4,140854,,,,,,,,,,
0,8,1,40.8,153532,,,,,,,,,,
100,5.7,3,40.3,137522,,,,,,,,,,
50,3.9,1,41.9,122085,,,,,,,,,,
50,1.5,3,36.8,57180,,,,,,,,,,
50,6.9,2,41.1,78024,,,,,,,,,,
100,6.9,1,43.9,53459,,,,,,,,,,
0,12.6,0,41.7,48360,,,,,,,,,,
50,13.1,1,43.3,134619,,,,,,,,,,
0,9,3,34.7,44034,,,,,,,,,,
50,13.3,3,47.1,196426,,,,,,,,,,
0,1.5,2,49.4,63992,,,,,,,,,,
0,1.4,0,46.3,78250,,,,,,,,,,
0,4.1,2,42.9,45337,,,,,,,,,,
100,3,0,45,98631,,,,,,,,,,
100,9,2,56.4,141426,,,,,,,,,,
0,11,2,50.9,78405,,,,,,,,,,
100,18.1,3,44.5,261409,,,,,,,,,,
50,12.1,1,49.9,124735,,,,,,,,,,
0,2.9,3,35,93341,,,,,,,,,,
0,14.7,2,42,123673,,,,,,,,,,
50,8.7,0,36.6,92629,,,,,,,,,,
0,8.7,1,40.5,114892,,,,,,,,,,
0,7.1,1,33.7,26573,,,,,,,,,,
0,6.2,0,47,128460,,,,,,,,,,
100,9.8,2,46.3,60739,,,,,,,,,,
0,11.5,3,46.4,30043,,,,,,,,,,
50,4.9,0,45.6,85609,,,,,,,,,,
100,9.5,1,49,50372,,,,,,,,,,
0,6.6,3,38.9,140998,,,,,,,,,,
0,5.7,3,54.4,139402,,,,,,,,,,
50,12.6,0,49.7,68071,,,,,,,,,,
50,17.9,4,47.6,98092,,,,,,,,,,
0,3.6,2,44.9,106491,,,,,,,,,,
100,10,2,51.7,219040,,,,,,,,,,
0,4.9,0,46.4,101846,,,,,,,,,,
100,7.8,1,38.9,139835,,,,,,,,,,
0,10.9,3,38.5,34383,,,,,,,,,,
50,3.5,2,41,124779,,,,,,,,,,
50,17.7,3,45.3,56008,,,,,,,,,,
0,3.7,2,44.2,38698,,,,,,,,,,
50,3.4,1,48.3,47747,,,,,,,,,,
100,1.6,1,44.1,82219,,,,,,,,,,
50,6.6,1,34.8,140297,,,,,,,,,,
0,4.8,1,33.8,64254,,,,,,,,,,
0,3.2,1,39.6,27687,,,,,,,,,,
100,16.3,3,45.6,141347,,,,,,,,,,
50,8.5,2,44.3,51240,,,,,,,,,,
50,1.3,4,45.4,70371,,,,,,,,,,
0,12.8,1,43.1,112812,,,,,,,,,,
100,15.8,5,51.7,146857,,,,,,,,,,
100,3.1,1,48.7,88836,,,,,,,,,,
0,9.5,2,36.1,32017,,,,,,,,,,
0,10.9,3,37.1,126481,,,,,,,,,,
0,11,1,48.2,134649,,,,,,,,,,
0,8.8,2,52.5,44811,,,,,,,,,,
0,11.4,5,47.8,133356,,,,,,,,,,
0,2.3,3,45.3,74261,,,,,,,,,,
0,8.9,1,47.5,79988,,,,,,,,,,
0,10.6,2,52.3,30893,,,,,,,,,,
0,5.5,3,47,59470,,,,,,,,,,
0,5.7,2,36.8,130422,,,,,,,,,,
0,12.1,2,40.2,119508,,,,,,,,,,
0,18.1,3,42.3,40136,,,,,,,,,,
50,4.2,1,35.2,21081,,,,,,,,,,
50,8.4,5,56.6,128583,,,,,,,,,,
50,1,2,33.7,64934,,,,,,,,,,
0,6.6,5,40.8,106176,,,,,,,,,,
100,6.3,1,46.9,103707,,,,,,,,,,
50,6.5,1,41.7,134056,,,,,,,,,,
0,20.9,3,52.9,149255,,,,,,,,,,
100,0.2,2,38.3,21058,,,,,,,,,,
100,6.9,1,52.5,177306,,,,,,,,,,
0,5.9,3,58.9,89783,,,,,,,,,,
100,13.7,3,46.1,260566,,,,,,,,,,
0,9.7,1,43,102846,,,,,,,,,,
0,3.5,2,46.1,23597,,,,,,,,,,
0,21.8,4,50.5,303045,,,,,,,,,,
50,2.3,1,42.6,123623,,,,,,,,,,
100,1.2,1,44.4,82159,,,,,,,,,,
50,9.7,2,43.8,136977,,,,,,,,,,
0,14,3,44.4,233793,,,,,,,,,,
50,16.6,3,43.8,300919,,,,,,,,,,
50,0,1,44.2,17142,,,,,,,,,,
100,14.6,1,45.3,252254,,,,,,,,,,
100,3.3,2,48.5,27240,,,,,,,,,,
0,8.8,2,42.5,103199,,,,,,,,,,
100,12.6,2,52.9,52083,,,,,,,,,,
100,6.9,2,46.7,104212,,,,,,,,,,
0,4.2,1,46.3,76737,,,,,,,,,,
100,8.3,2,46.6,127054,,,,,,,,,,
50,2.9,4,36.9,48487,,,,,,,,,,
100,22.5,2,50.9,243242,,,,,,,,,,
50,1,1,38.4,50963,,,,,,,,,,
50,4.9,2,35.4,160346,,,,,,,,,,
100,3.2,1,37.5,103935,,,,,,,,,,
100,9.6,3,43.7,38282,,,,,,,,,,
100,13.1,2,47.4,43743,,,,,,,,,,
0,8.3,1,51.6,149015,,,,,,,,,,
100,4.8,1,46.8,67823,,,,,,,,,,
0,5.2,1,40.1,108137,,,,,,,,,,
0,8.5,2,52.9,182511,,,,,,,,,,
50,15.6,2,42.7,282734,,,,,,,,,,
50,11.8,1,47.5,116380,,,,,,,,,,
0,0.9,0,48.1,30010,,,,,,,,,,
50,8.4,0,47.4,144525,,,,,,,,,,
0,3.2,3,44.7,43967,,,,,,,,,,
50,3.8,0,43.9,91873,,,,,,,,,,
100,13.1,1,54.8,74729,,,,,,,,,,
50,9.2,1,45.2,99189,,,,,,,,,,
50,7.5,0,43,71336,,,,,,,,,,
50,5.4,1,44.5,49910,,,,,,,,,,
100,9,5,50.7,146743,,,,,,,,,,
100,14.5,1,43.8,148411,,,,,,,,,,
50,12.3,2,41.8,140309,,,,,,,,,,
0,8,2,43.7,126747,,,,,,,,,,
0,7.6,2,50.2,97270,,,,,,,,,,
0,13.1,4,56.7,222817,,,,,,,,,,
0,19.3,7,39.5,142890,,,,,,,,,,
50,10.6,3,48,130612,,,,,,,,,,
100,5.4,0,46.4,183292,,,,,,,,,,
100,7.5,2,42.7,127213,,,,,,,,,,
100,7.6,0,41,79781,,,,,,,,,,
100,11.7,2,49.3,173524,,,,,,,,,,
100,7.2,0,47,71849,,,,,,,,,,
0,5.4,1,44.5,76288,,,,,,,,,,
0,3.7,2,31.2,114258,,,,,,,,,,
100,5.7,0,52.6,139277,,,,,,,,,,
0,13.6,2,42.8,146341,,,,,,,,,,
0,15.4,4,51.6,54409,,,,,,,,,,
0,14.2,2,48.7,171266,,,,,,,,,,
0,19.9,5,49.2,74505,,,,,,,,,,
0,8.5,2,32,105261,,,,,,,,,,
0,9.6,1,40.4,125025,,,,,,,,,,
0,11.8,1,44.3,139111,,,,,,,,,,
50,19.2,2,48.9,248705,,,,,,,,,,
50,14.6,3,47.1,119226,,,,,,,,,,
0,10.4,5,40,126427,,,,,,,,,,
50,10.7,2,49.5,106612,,,,,,,,,,
0,18.8,3,46.4,148203,,,,,,,,,,
100,10.5,2,41.1,125389,,,,,,,,,,
100,6,2,32.6,96998,,,,,,,,,,
0,9.5,2,51.1,56758,,,,,,,,,,
100,4,3,54.8,85425,,,,,,,,,,
50,0,3,36.9,23847,,,,,,,,,,
0,11.9,2,38.8,29633,,,,,,,,,,
100,6.6,0,35.4,152829,,,,,,,,,,
50,13.7,3,45.4,146673,,,,,,,,,,
50,20.5,3,52,247382,,,,,,,,,,
0,1.3,4,47.7,48219,,,,,,,,,,
50,5.9,5,29.2,153050,,,,,,,,,,
50,4.7,1,43.5,173007,,,,,,,,,,
100,8.8,2,42.5,124544,,,,,,,,,,
100,11.2,2,51.1,79653,,,,,,,,,,
100,23.7,3,55,111187,,,,,,,,,,
0,7.6,1,41.4,137862,,,,,,,,,,
0,4.5,0,40,158676,,,,,,,,,,
100,4.4,3,38.6,76964,,,,,,,,,,
50,13.4,5,43.7,125571,,,,,,,,,,
50,1.5,2,47.8,40191,,,,,,,,,,
50,9.9,0,50.4,119921,,,,,,,,,,
0,6.4,1,56.4,176748,,,,,,,,,,
50,2.5,2,46.6,40355,,,,,,,,,,
0,7.1,2,50.5,26971,,,,,,,,,,
0,4,2,47.7,73844,,,,,,,,,,
100,10.2,4,52.6,116550,,,,,,,,,,
0,7.2,1,31.5,114489,,,,,,,,,,
0,19.5,6,57.2,127109,,,,,,,,,,
0,11.6,2,36,40924,,,,,,,,,,
50,4.7,0,48.5,50886,,,,,,,,,,
100,7.2,0,54.9,107942,,,,,,,,,,
0,7.5,3,44,13633,,,,,,,,,,
50,11.7,2,50.2,110331,,,,,,,,,,
100,15.4,3,36.8,120178,,,,,,,,,,
0,10.8,1,40.7,74301,,,,,,,,,,
100,10.6,2,43.3,67238,,,,,,,,,,
100,0,3,35.4,123332,,,,,,,,,,
50,8.5,2,47.4,65789,,,,,,,,,,
100,9.8,3,38.4,111696,,,,,,,,,,
0,0.8,1,39.2,26290,,,,,,,,,,
0,8.4,1,39.2,80903,,,,,,,,,,
0,14.1,1,42.7,54529,,,,,,,,,,
100,6.9,2,51.8,29567,,,,,,,,,,
100,9.8,4,52,33508,,,,,,,,,,
100,10.6,3,38.4,28660,,,,,,,,,,
50,5.5,2,49.7,86153,,,,,,,,,,
100,2.3,4,35.5,72251,,,,,,,,,,
100,10.3,3,45.8,71476,,,,,,,,,,
0,4.6,2,42.8,79032,,,,,,,,,,
0,5.6,4,44.8,139584,,,,,,,,,,
0,8.9,3,51.3,149477,,,,,,,,,,
0,8.2,1,43.8,114893,,,,,,,,,,
0,9.9,3,43.7,102269,,,,,,,,,,
100,6.5,1,57.7,107161,,,,,,,,,,
100,11.8,1,43.5,32863,,,,,,,,,,
0,11.4,0,41,154518,,,,,,,,,,
0,8.4,2,48.8,78167,,,,,,,,,,
100,10.3,3,44.9,107988,,,,,,,,,,
50,10.3,1,48,122748,,,,,,,,,,
100,1.8,1,42.9,67786,,,,,,,,,,
100,10,2,50.6,199751,,,,,,,,,,
100,4,2,32.1,92737,,,,,,,,,,
100,1.8,0,33.2,23913,,,,,,,,,,
50,6.2,1,43.3,41123,,,,,,,,,,
0,3.2,2,44.5,92234,,,,,,,,,,
100,1.4,0,38.1,67138,,,,,,,,,,
50,5.6,6,32.2,54149,,,,,,,,,,
50,2.4,1,38.8,82011,,,,,,,,,,
0,0,2,35.5,27709,,,,,,,,,,
50,4,0,37.3,27723,,,,,,,,,,
0,9.9,2,38.2,114673,,,,,,,,,,
50,13.6,2,34.6,62504,,,,,,,,,,
50,15.4,0,50.1,37576,,,,,,,,,,
100,20,4,46.6,182625,,,,,,,,,,
100,13.5,4,43.4,226299,,,,,,,,,,
100,0.9,2,48.7,20726,,,,,,,,,,
0,14.9,2,47,153897,,,,,,,,,,
0,4.1,2,49.9,24037,,,,,,,,,,
50,12.7,3,53.2,192593,,,,,,,,,,
0,11.3,1,52.7,44309,,,,,,,,,,
100,1.3,0,42.3,54274,,,,,,,,,,
50,6.8,2,47.4,36206,,,,,,,,,,
50,12.7,1,47,38302,,,,,,,,,,
50,11.5,1,32.2,79060,,,,,,,,,,
50,3.9,2,48,68652,,,,,,,,,,
0,2.4,1,36.1,24892,,,,,,,,,,
0,12.1,5,53.8,24220,,,,,,,,,,
50,6.7,1,44.6,160602,,,,,,,,,,
0,15.6,2,37.5,247729,,,,,,,,,,
100,3.5,1,49.4,18099,,,,,,,,,,
50,7.3,2,43.7,129666,,,,,,,,,,
0,20.1,3,49.2,132436,,,,,,,,,,
50,11.6,0,50.5,133268,,,,,,,,,,
0,0.9,1,31.5,56055,,,,,,,,,,
0,4,1,47.6,48778,,,,,,,,,,
50,7.2,2,30.6,82404,,,,,,,,,,
100,2.6,0,40.7,48634,,,,,,,,,,
0,4.9,1,42.5,34437,,,,,,,,,,
0,4.9,1,47.5,75183,,,,,,,,,,
0,8.7,3,45.2,70636,,,,,,,,,,
0,7.3,2,48.4,165424,,,,,,,,,,
100,18.3,3,48.6,213299,,,,,,,,,,
100,4.6,3,47.9,71144,,,,,,,,,,
50,4.5,0,45.9,32678,,,,,,,,,,
100,14.5,3,49.9,188127,,,,,,,,,,
0,11.9,4,35.6,153973,,,,,,,,,,
100,3.6,0,38.2,115947,,,,,,,,,,
50,5.6,3,47.7,25649,,,,,,,,,,
50,16,2,46.1,186299,,,,,,,,,,
50,7.9,5,53.6,126642,,,,,,,,,,
0,10.3,3,45.3,39211,,,,,,,,,,
100,0.8,3,38.6,45265,,,,,,,,,,
50,11.2,4,38,186976,,,,,,,,,,
100,5.6,2,47.7,13837,,,,,,,,,,
0,12.1,0,40,56051,,,,,,,,,,
50,4.8,1,52.6,85621,,,,,,,,,,
50,2,1,48.8,25094,,,,,,,,,,
50,9.3,2,40.8,38810,,,,,,,,,,
0,13.3,1,54.7,123368,,,,,,,,,,
50,8.1,3,51.8,86123,,,,,,,,,,
0,12.9,1,38.4,76001,,,,,,,,,,
0,2.1,2,34.5,49321,,,,,,,,,,
